{"type":"FeatureCollection","crs":{"type":"name","properties":{"name":"urn:ogc:def:crs:EPSG::3794"}},"source":"public cadastre WFS (GURS / e-Prostor), k.o. 1590, downloaded 2026-08; geometry only, EPSG:3794 metres","features":[{"type":"Feature","properties":{"parcel":"3193","area_m2":5450,"e":486405.4,"n":46891.7},"geometry":{"type":"Polygon","coordinates":[[[486370.6,46770.3],[486380.1,46792.0],[486391.6,46818.0],[486421.1,46860.4],[486431.0,46914.3],[486423.3,46974.6],[486420.0,46975.6],[486413.0,46989.3],[486404.5,46998.5],[486407.3,46986.7],[486411.6,46981.7],[486416.7,46960.7],[486412.4,46946.4],[486404.8,46935.5],[486395.2,46926.0],[486386.5,46921.6],[486377.4,46920.1],[486373.9,46910.7],[486375.5,46908.5],[486377.2,46906.9],[486377.7,46902.0],[486386.0,46897.2],[486388.5,46890.7],[486384.7,46884.3],[486385.9,46880.0],[486380.0,46869.7],[486390.3,46853.9],[486386.3,46823],[486376.4,46806.8],[486375.8,46794.4],[486362.2,46781.4],[486349.0,46754.3],[486370.6,46770.3]]]}},{"type":"Feature","properties":{"parcel":"2764/8","area_m2":20538,"e":486526.96,"n":46879.8},"geometry":{"type":"Polygon","coordinates":[[[486500.8,46827],[486516.8,46822.5],[486534.3,46815.7],[486537.4,46812.1],[486545.3,46807.6],[486555.1,46794.2],[486557.3,46791.9],[486562.5,46791.6],[486568.7,46797],[486581.7,46840.0],[486592.3,46850.0],[486606.0,46852.1],[486636.5,46855.7],[486655.7,46857.1],[486683.3,46861.8],[486651.0,46871.3],[486635.8,46876.7],[486625.1,46879.7],[486611.3,46877.5],[486574.9,46869.2],[486558.6,46878.3],[486551.7,46881.4],[486544.2,46891.6],[486531.8,46904.9],[486498,46930.8],[486478.2,46934.3],[486441.4,46964.0],[486421.8,46979.8],[486413.0,46989.3],[486420.0,46975.6],[486423.3,46974.6],[486431.0,46914.3],[486421.1,46860.4],[486391.6,46818.0],[486380.1,46792.0],[486370.6,46770.3],[486384.8,46780.7],[486391.5,46782.3],[486401.5,46783.5],[486405.8,46784.1],[486420.6,46789.5],[486434.7,46810.5],[486459.9,46823.0],[486468.7,46823.0],[486485.3,46827.8],[486500.8,46827]]]}},{"type":"Feature","properties":{"parcel":"4677/2","area_m2":5830,"e":486697.87,"n":46864.14},"geometry":{"type":"Polygon","coordinates":[[[487706.8,46730.5],[487659.3,46750.8],[487604.8,46771.3],[487560.3,46766.3],[487538.2,46762.3],[487505.6,46758],[487446.9,46745.3],[487389.8,46740.3],[487365.8,46749.5],[487334.3,46768.9],[487281.4,46783.5],[487240.8,46789.6],[487209.8,46823.9],[487187.9,46843.0],[487171.5,46852.0],[487124.8,46842.8],[487084.5,46841.2],[487059.9,46840.2],[487046.8,46838.9],[486987.7,46843.6],[486985.3,46843.8],[486971.7,46844.9],[486947.2,46850.2],[486944.7,46850.3],[486917.8,46844.8],[486895.7,46849.3],[486834.1,46853.4],[486823.3,46854.4],[486796.3,46855.4],[486788.8,46854.8],[486749.3,46852.1],[486727.6,46859.2],[486695.7,46869.1],[486684.6,46868.6],[486678.4,46870.2],[486666.6,46876.9],[486658.9,46876.3],[486652.7,46877.0],[486624.4,46885.6],[486578.5,46873.4],[486560.5,46879.6],[486555.9,46884.1],[486534.5,46911.3],[486500.4,46932.7],[486492.7,46936.5],[486479.5,46942.0],[486462.2,46955.4],[486455.0,46960.2],[486446.6,46964.7],[486443.0,46967.7],[486421.8,46979.8],[486441.4,46964.0],[486478.2,46934.3],[486498,46930.8],[486531.8,46904.9],[486544.2,46891.6],[486551.7,46881.4],[486558.6,46878.3],[486574.9,46869.2],[486611.3,46877.5],[486625.1,46879.7],[486635.8,46876.7],[486651.0,46871.3],[486683.3,46861.8],[486700.1,46858.4],[486742.9,46847.4],[486777.3,46847.8],[486797.2,46847.9],[486793.2,46851.1],[486822.2,46849.8],[486853.3,46848.2],[486890.5,46845.9],[486919.4,46838.9],[486944.8,46846.0],[486957.5,46842.9],[486975.8,46839.8],[486990.4,46838.9],[487000.4,46838.5],[487015.3,46836.9],[487029.4,46835.9],[487044.5,46834.8],[487056.8,46835.8],[487060.9,46836.4],[487068.3,46837.4],[487132.8,46839.4],[487172.5,46846.4],[487184.1,46839.7],[487205.4,46823.6],[487237.5,46786.6],[487277.7,46780.9],[487330.8,46766.7],[487364.8,46745.0],[487389.3,46736.3],[487445.9,46740.5],[487506.7,46754.2],[487564.1,46762.5],[487605.0,46767.4],[487645.9,46752.4],[487681.8,46736.2],[487703.0,46726.7],[487706.8,46730.5]]]}},{"type":"Feature","properties":{"parcel":"3211","area_m2":2200,"e":486253.55,"n":46872.45},"geometry":{"type":"Polygon","coordinates":[[[486079.8,47177.3],[486062.4,47187.9],[486052.6,47190.1],[486057.2,47186.3],[486066.4,47181.2],[486108.1,47155.9],[486122.6,47129.3],[486126.6,47117.5],[486141.8,47065.8],[486133.1,47043.4],[486134.7,47037.4],[486144.9,47013.6],[486172.0,46986.9],[486187.7,46985.7],[486193.9,46970.8],[486193.5,46962.7],[486192.6,46957.5],[486198.7,46937.7],[486202.5,46933.0],[486213.7,46920.3],[486223.8,46912.5],[486225.2,46910.4],[486237.6,46899.8],[486244.2,46886.2],[486251.3,46868.3],[486249.9,46841.1],[486244.5,46826.0],[486247.1,46809.8],[486249.1,46794.2],[486251.2,46782.7],[486256.6,46770.6],[486277.8,46742.9],[486280.1,46733.9],[486297.4,46702.7],[486317.2,46675.4],[486323.4,46676.8],[486318.4,46686.5],[486299.5,46710.5],[486289.7,46729.5],[486276.1,46749.3],[486271.5,46755.4],[486257.6,46775.2],[486254.1,46786.8],[486249.2,46825.9],[486254.7,46849.3],[486256.1,46877.4],[486239.3,46903.7],[486231.2,46911.3],[486218.3,46922.2],[486216.5,46923.8],[486204.8,46935.7],[486201.5,46938.8],[486195.7,46957.7],[486196.4,46966.4],[486196.2,46971.6],[486189.1,46988.9],[486172.6,46989.9],[486147.4,47015.1],[486138.6,47037.9],[486136.7,47043.4],[486145.7,47066.8],[486127.9,47122.7],[486125.1,47131.4],[486109.6,47158.8],[486079.8,47177.3]]]}},{"type":"Feature","properties":{"parcel":"3147/1","area_m2":2896,"e":486143.74,"n":46880.84},"geometry":{"type":"Polygon","coordinates":[[[486193.5,46962.7],[486193.9,46970.8],[486158.9,46958.6],[486127.8,46864.2],[486120.9,46839.9],[486152.6,46842.3],[486155.3,46903.1],[486173.8,46932.9],[486193.5,46962.7]]]}},{"type":"Feature","properties":{"parcel":"3148","area_m2":921,"e":486164.92,"n":46871.47},"geometry":{"type":"Polygon","coordinates":[[[486161.9,46839.9],[486172.6,46874.8],[486177.2,46888.3],[486155.3,46903.1],[486152.6,46842.3],[486161.9,46839.9]]]}},{"type":"Feature","properties":{"parcel":"3153","area_m2":410,"e":486173.48,"n":46856.17},"geometry":{"type":"Polygon","coordinates":[[[486170.6,46837.5],[486185.1,46866.8],[486172.6,46874.8],[486161.9,46839.9],[486170.6,46837.5]]]}},{"type":"Feature","properties":{"parcel":"3156","area_m2":1482,"e":486227.24,"n":46868.83},"geometry":{"type":"Polygon","coordinates":[[[486231.8,46837.8],[486251.3,46868.3],[486244.2,46886.2],[486237.6,46899.8],[486231.6,46892.0],[486203.2,46855.5],[486231.8,46837.8]]]}},{"type":"Feature","properties":{"parcel":"3189","area_m2":897,"e":486328.13,"n":46891.76},"geometry":{"type":"Polygon","coordinates":[[[486322.6,46880.2],[486325.1,46877.4],[486338.3,46900.7],[486358.3,46933.5],[486366.7,46949.2],[486361.7,46951.6],[486342.8,46923.7],[486318.8,46884.7],[486268.0,46819.5],[486322.6,46880.2]]]}},{"type":"Feature","properties":{"parcel":"3183","area_m2":633,"e":486310.89,"n":46880.44},"geometry":{"type":"Polygon","coordinates":[[[486268.0,46819.5],[486318.8,46884.7],[486311.7,46891.7],[486276.2,46841.9],[486274.2,46842.1],[486268.0,46819.5]]]}},{"type":"Feature","properties":{"parcel":"3187","area_m2":5021,"e":486319.1,"n":46936.49},"geometry":{"type":"Polygon","coordinates":[[[486274.2,46842.1],[486276.2,46841.9],[486311.7,46891.7],[486339.0,46934.4],[486354.9,46963.8],[486341.5,46968.9],[486338.0,46976.5],[486341.2,46989.5],[486347.0,46999.2],[486332.5,47007.6],[486322.8,47010.1],[486315.9,46985.9],[486309.3,46965.4],[486304.5,46958.9],[486301.0,46947.2],[486293.3,46924.1],[486286.7,46909.6],[486278.2,46880.9],[486273.1,46881.3],[486274.2,46842.1]]]}},{"type":"Feature","properties":{"parcel":"1320/29","area_m2":2663,"e":486864.54,"n":46819.4},"geometry":{"type":"Polygon","coordinates":[[[486822.2,46849.8],[486793.2,46851.1],[486797.2,46847.9],[486807.7,46840.7],[486814.3,46839.6],[486822.2,46831.6],[486858.2,46802.3],[486861.6,46799.5],[486891.2,46774.3],[486910.1,46758.6],[486920.0,46749.6],[486888.9,46810.1],[486883.7,46820.8],[486822.2,46849.8]]]}},{"type":"Feature","properties":{"parcel":"2612/1","area_m2":798,"e":486881.19,"n":46438.09},"geometry":{"type":"Polygon","coordinates":[[[486889.3,46426.4],[486892.1,46429.7],[486853.0,46480.6],[486828.2,46512.7],[486822.1,46508.2],[486857.6,46462.7],[486887.5,46424.3],[486889.3,46426.4]]]}},{"type":"Feature","properties":{"parcel":"1320/8","area_m2":2296,"e":486891.74,"n":46817.35},"geometry":{"type":"Polygon","coordinates":[[[486929.8,46742.0],[486939.3,46734.3],[486936.0,46740.5],[486933.5,46744.6],[486933.0,46747.2],[486928.1,46756.4],[486927.3,46759.0],[486893.5,46826.6],[486853.3,46848.2],[486822.2,46849.8],[486883.7,46820.8],[486888.9,46810.1],[486920.0,46749.6],[486929.8,46742.0]]]}},{"type":"Feature","properties":{"parcel":"2696","area_m2":1085,"e":486874.48,"n":46719.79},"geometry":{"type":"Polygon","coordinates":[[[486844.2,46643.9],[486894.6,46751.4],[486886.7,46759.8],[486836.1,46643.4],[486844.2,46643.9]]]}},{"type":"Feature","properties":{"parcel":"2590/2","area_m2":187,"e":486848.14,"n":46550.3},"geometry":{"type":"Polygon","coordinates":[[[486848.1,46545.3],[486869.7,46553.0],[486851.9,46554.5],[486838.3,46553.0],[486844.2,46541],[486848.1,46545.3]]]}},{"type":"Feature","properties":{"parcel":"2614","area_m2":2230,"e":486871.81,"n":46514.88},"geometry":{"type":"Polygon","coordinates":[[[486873.6,46484.5],[486904,46494.9],[486903.8,46522.7],[486894.2,46529.0],[486872.0,46536.7],[486848.1,46545.3],[486844.2,46541],[486839.6,46536.6],[486852.5,46518.6],[486854.2,46504.6],[486866.4,46491.6],[486873.6,46484.5]]]}},{"type":"Feature","properties":{"parcel":"2451","area_m2":424,"e":486868.99,"n":46347.45},"geometry":{"type":"Polygon","coordinates":[[[486873.3,46351.2],[486850.4,46371.8],[486840.8,46365.6],[486881.8,46328.5],[486873.3,46351.2]]]}},{"type":"Feature","properties":{"parcel":"2573/1","area_m2":317,"e":486855.6,"n":46571.23},"geometry":{"type":"Polygon","coordinates":[[[486867.6,46569.8],[486858.2,46583.8],[486843.6,46574.2],[486849.2,46558.6],[486867.6,46569.8]]]}},{"type":"Feature","properties":{"parcel":"2694","area_m2":1140,"e":486889.48,"n":46727.86},"geometry":{"type":"Polygon","coordinates":[[[486853.4,46644.6],[486902.2,46741.1],[486900.3,46746.7],[486894.6,46751.4],[486844.2,46643.9],[486853.4,46644.6]]]}},{"type":"Feature","properties":{"parcel":"2702/2","area_m2":218,"e":486855.62,"n":46781.4},"geometry":{"type":"Polygon","coordinates":[[[486858,46770.3],[486864.1,46786.4],[486855.5,46791.4],[486853.4,46792.5],[486847.1,46777.6],[486858,46770.3]]]}},{"type":"Feature","properties":{"parcel":"2591/1","area_m2":306,"e":486866.92,"n":46544.88},"geometry":{"type":"Polygon","coordinates":[[[486872.0,46536.7],[486885.7,46551.6],[486869.7,46553.0],[486848.1,46545.3],[486872.0,46536.7]]]}},{"type":"Feature","properties":{"parcel":"2574/1","area_m2":608,"e":486873.17,"n":46567.15},"geometry":{"type":"Polygon","coordinates":[[[486862.2,46556.5],[486888.0,46554.2],[486897.2,46564.8],[486884.7,46580.1],[486867.6,46569.8],[486849.2,46558.6],[486862.2,46556.5]]]}},{"type":"Feature","properties":{"parcel":"2592/1","area_m2":698,"e":486809.73,"n":46546.46},"geometry":{"type":"Polygon","coordinates":[[[486829.9,46537.7],[486818.9,46557.0],[486799.7,46561.7],[486789.6,46558.4],[486802.4,46537.7],[486805.8,46531.2],[486829.9,46537.7]]]}},{"type":"Feature","properties":{"parcel":"2704","area_m2":1764,"e":486811.03,"n":46765.81},"geometry":{"type":"Polygon","coordinates":[[[486800.2,46645.9],[486800.5,46661.8],[486796.6,46661.8],[486794.3,46662.2],[486800.2,46689.8],[486814.1,46752.7],[486827.1,46789.7],[486812.1,46793.6],[486797.2,46760.4],[486791.3,46671.4],[486790.4,46662.3],[486794.8,46645.6],[486800.2,46645.9]]]}},{"type":"Feature","properties":{"parcel":"2567/1","area_m2":784,"e":486815.06,"n":46579.61},"geometry":{"type":"Polygon","coordinates":[[[486837.0,46555.1],[486822.9,46581.9],[486806.4,46604.1],[486793.1,46598.2],[486816.9,46562.2],[486837.0,46555.1]]]}},{"type":"Feature","properties":{"parcel":"2456","area_m2":784,"e":486826.04,"n":46410.12},"geometry":{"type":"Polygon","coordinates":[[[486810.3,46425.8],[486850.4,46371.8],[486858.3,46376.2],[486804.4,46447.8],[486793.8,46448.5],[486810.3,46425.8]]]}},{"type":"Feature","properties":{"parcel":"2703/1","area_m2":674,"e":486817.9,"n":46753.72},"geometry":{"type":"Polygon","coordinates":[[[486819.8,46749.3],[486834.1,46786.1],[486830.5,46788.8],[486827.1,46789.7],[486814.1,46752.7],[486800.2,46689.8],[486794.3,46662.2],[486796.6,46661.8],[486819.8,46749.3]]]}},{"type":"Feature","properties":{"parcel":"2458","area_m2":1762,"e":486823.47,"n":46388.57},"geometry":{"type":"Polygon","coordinates":[[[486829.3,46358.1],[486840.8,46365.6],[486850.4,46371.8],[486810.3,46425.8],[486796.6,46419.7],[486819.2,46351.3],[486829.3,46358.1]]]}},{"type":"Feature","properties":{"parcel":"2703/2","area_m2":1394,"e":486831.32,"n":46762.8},"geometry":{"type":"Polygon","coordinates":[[[486800.5,46661.8],[486847.1,46777.6],[486842.1,46781.0],[486834.1,46786.1],[486819.8,46749.3],[486796.6,46661.8],[486800.5,46661.8]]]}},{"type":"Feature","properties":{"parcel":"2609/1","area_m2":302,"e":486807.33,"n":46485.59},"geometry":{"type":"Polygon","coordinates":[[[486834.9,46450.2],[486827.1,46462.0],[486804.7,46495.5],[486799.6,46491.5],[486818.8,46463],[486826.6,46450.9],[486834.9,46450.2]]]}},{"type":"Feature","properties":{"parcel":"2702/1","area_m2":1614,"e":486829.08,"n":46711.72},"geometry":{"type":"Polygon","coordinates":[[[486800.2,46645.9],[486806.7,46645.9],[486858,46770.3],[486847.1,46777.6],[486800.5,46661.8],[486800.2,46645.9]]]}},{"type":"Feature","properties":{"parcel":"2455","area_m2":701,"e":486835.05,"n":46414.24},"geometry":{"type":"Polygon","coordinates":[[[486862.1,46379.5],[486859.5,46389.5],[486814.7,46447.3],[486804.4,46447.8],[486858.3,46376.2],[486862.1,46379.5]]]}},{"type":"Feature","properties":{"parcel":"2610/1","area_m2":881,"e":486816.03,"n":46484.97},"geometry":{"type":"Polygon","coordinates":[[[486877.2,46413.2],[486849.8,46443.9],[486836.8,46462.6],[486810.0,46499.3],[486804.7,46495.5],[486827.1,46462.0],[486834.9,46450.2],[486872.4,46407.6],[486877.2,46413.2]]]}},{"type":"Feature","properties":{"parcel":"2592/2","area_m2":227,"e":486819.6,"n":46529.81},"geometry":{"type":"Polygon","coordinates":[[[486816.1,46523.2],[486822.3,46525.6],[486833.3,46531.0],[486829.9,46537.7],[486805.8,46531.2],[486811.9,46521.9],[486816.1,46523.2]]]}},{"type":"Feature","properties":{"parcel":"2567/2","area_m2":809,"e":486827.81,"n":46582.38},"geometry":{"type":"Polygon","coordinates":[[[486849.2,46558.6],[486843.6,46574.2],[486839.4,46586.2],[486819.6,46609.7],[486806.4,46604.1],[486822.9,46581.9],[486837.0,46555.1],[486849.2,46558.6]]]}},{"type":"Feature","properties":{"parcel":"2698","area_m2":1511,"e":486849.94,"n":46737.92},"geometry":{"type":"Polygon","coordinates":[[[486816.3,46645.4],[486872.6,46778.9],[486869,46784.1],[486864.1,46786.4],[486858,46770.3],[486806.7,46645.9],[486816.3,46645.4]]]}},{"type":"Feature","properties":{"parcel":"2611/2","area_m2":126,"e":486815.07,"n":46513.36},"geometry":{"type":"Polygon","coordinates":[[[486822.1,46508.2],[486816.1,46523.2],[486811.9,46521.9],[486808.0,46519.9],[486815.6,46503.5],[486822.1,46508.2]]]}},{"type":"Feature","properties":{"parcel":"2610/3","area_m2":816,"e":486846.11,"n":46458.39},"geometry":{"type":"Polygon","coordinates":[[[486880.6,46417.1],[486882.2,46418.9],[486865.8,46438.9],[486847.3,46462.8],[486815.6,46503.5],[486810.0,46499.3],[486836.8,46462.6],[486849.8,46443.9],[486877.2,46413.2],[486880.6,46417.1]]]}},{"type":"Feature","properties":{"parcel":"2454","area_m2":680,"e":486856.64,"n":46402.15},"geometry":{"type":"Polygon","coordinates":[[[486860.5,46394.0],[486864.4,46402.2],[486827.3,46447.0],[486814.7,46447.3],[486859.5,46389.5],[486860.5,46394.0]]]}},{"type":"Feature","properties":{"parcel":"2611/1","area_m2":824,"e":486851.59,"n":46463.54},"geometry":{"type":"Polygon","coordinates":[[[486887.5,46424.3],[486857.6,46462.7],[486822.1,46508.2],[486815.6,46503.5],[486847.3,46462.8],[486865.8,46438.9],[486882.2,46418.9],[486887.5,46424.3]]]}},{"type":"Feature","properties":{"parcel":"2612/2","area_m2":101,"e":486822.11,"n":46516.93},"geometry":{"type":"Polygon","coordinates":[[[486828.2,46512.7],[486822.3,46525.6],[486816.1,46523.2],[486822.1,46508.2],[486828.2,46512.7]]]}},{"type":"Feature","properties":{"parcel":"2697","area_m2":1227,"e":486873.97,"n":46766.21},"geometry":{"type":"Polygon","coordinates":[[[486821.3,46643.5],[486879.9,46767.4],[486872.6,46778.9],[486816.3,46645.4],[486821.3,46643.5]]]}},{"type":"Feature","properties":{"parcel":"2590/1","area_m2":320,"e":486831.53,"n":46544.01},"geometry":{"type":"Polygon","coordinates":[[[486833.3,46531.0],[486835.4,46531.9],[486839.6,46536.6],[486844.2,46541],[486838.3,46553.0],[486818.9,46557.0],[486829.9,46537.7],[486833.3,46531.0]]]}},{"type":"Feature","properties":{"parcel":"2568","area_m2":403,"e":486835.07,"n":46603.84},"geometry":{"type":"Polygon","coordinates":[[[486850.6,46595.4],[486820.0,46621.4],[486819.6,46609.7],[486839.4,46586.2],[486850.6,46595.4]]]}},{"type":"Feature","properties":{"parcel":"2569","area_m2":388,"e":486847.71,"n":46604.6},"geometry":{"type":"Polygon","coordinates":[[[486860.3,46604.2],[486826.2,46624.8],[486820.0,46621.4],[486850.6,46595.4],[486860.3,46604.2]]]}},{"type":"Feature","properties":{"parcel":"2695","area_m2":1490,"e":486839.67,"n":46667.53},"geometry":{"type":"Polygon","coordinates":[[[486825.5,46639.6],[486836.1,46643.4],[486886.7,46759.8],[486879.9,46767.4],[486821.3,46643.5],[486825.5,46639.6]]]}},{"type":"Feature","properties":{"parcel":"2613/2","area_m2":349,"e":486837.37,"n":46524.63},"geometry":{"type":"Polygon","coordinates":[[[486852.5,46518.6],[486839.6,46536.6],[486835.4,46531.9],[486833.3,46531.0],[486822.3,46525.6],[486828.2,46512.7],[486852.5,46518.6]]]}},{"type":"Feature","properties":{"parcel":"2570","area_m2":806,"e":486852.66,"n":46619.59},"geometry":{"type":"Polygon","coordinates":[[[486879.1,46620.1],[486861.9,46630.8],[486843.3,46635.0],[486826.2,46624.8],[486860.3,46604.2],[486879.1,46620.1]]]}},{"type":"Feature","properties":{"parcel":"2453","area_m2":248,"e":486863.71,"n":46409.24},"geometry":{"type":"Polygon","coordinates":[[[486867.5,46408.6],[486831.1,46447.0],[486827.3,46447.0],[486864.4,46402.2],[486867.5,46408.6]]]}},{"type":"Feature","properties":{"parcel":"2613/1","area_m2":680,"e":486847.3,"n":46499.61},"geometry":{"type":"Polygon","coordinates":[[[486866.4,46491.6],[486854.2,46504.6],[486852.5,46518.6],[486828.2,46512.7],[486853.0,46480.6],[486866.4,46491.6]]]}},{"type":"Feature","properties":{"parcel":"*163","area_m2":102,"e":486844.17,"n":46789.77},"geometry":{"type":"Polygon","coordinates":[[[486848.7,46790.6],[486850.4,46793.6],[486845.2,46796.6],[486839.4,46789.4],[486834.9,46788.0],[486830.5,46788.8],[486834.1,46786.1],[486842.1,46781.0],[486844.9,46785.2],[486848.7,46790.6]]]}},{"type":"Feature","properties":{"parcel":"2573/2","area_m2":216,"e":486848.82,"n":46584.85},"geometry":{"type":"Polygon","coordinates":[[[486858.2,46583.8],[486850.6,46595.4],[486839.4,46586.2],[486843.6,46574.2],[486858.2,46583.8]]]}},{"type":"Feature","properties":{"parcel":"2703/3","area_m2":76,"e":486848.47,"n":46786.6},"geometry":{"type":"Polygon","coordinates":[[[486847.1,46777.6],[486853.4,46792.5],[486850.4,46793.6],[486848.7,46790.6],[486844.9,46785.2],[486842.1,46781.0],[486847.1,46777.6]]]}},{"type":"Feature","properties":{"parcel":"2764/5","area_m2":960,"e":486703.57,"n":46848.34},"geometry":{"type":"Polygon","coordinates":[[[486692.3,46844.9],[486704.6,46845.3],[486724.8,46845.3],[486742.3,46840.5],[486749.1,46839.0],[486751.5,46838.4],[486757.2,46838.3],[486757.2,46840.7],[486766.3,46842.8],[486777.1,46840.5],[486777.3,46847.8],[486742.9,46847.4],[486700.1,46858.4],[486677.7,46856.6],[486655.5,46851.9],[486629.8,46852.1],[486651.8,46848.2],[486669.7,46849.9],[486674.6,46845.1],[486678.0,46844.7],[486692.3,46844.9]]]}},{"type":"Feature","properties":{"parcel":"2723/1","area_m2":2596,"e":486674.65,"n":46750.31},"geometry":{"type":"Polygon","coordinates":[[[486670.0,46663.2],[486676.1,46751.6],[486685.6,46791.4],[486692.3,46844.9],[486678.0,46844.7],[486671.6,46793.8],[486666.0,46769.0],[486661.4,46749.1],[486657.0,46668.2],[486666.4,46655.7],[486670.0,46663.2]]]}},{"type":"Feature","properties":{"parcel":"2723/2","area_m2":2674,"e":486685.51,"n":46744.6},"geometry":{"type":"Polygon","coordinates":[[[486676.9,46643.9],[486682.4,46654.8],[486687.9,46718.7],[486693.7,46758.1],[486704.6,46845.3],[486692.3,46844.9],[486685.6,46791.4],[486676.1,46751.6],[486670.0,46663.2],[486666.4,46655.7],[486676.9,46643.9]]]}},{"type":"Feature","properties":{"parcel":"2722","area_m2":993,"e":486687.24,"n":46678.62},"geometry":{"type":"Polygon","coordinates":[[[486693.5,46638.6],[486696,46640.6],[486697.6,46717.8],[486687.9,46718.7],[486682.4,46654.8],[486676.9,46643.9],[486693.5,46638.6]]]}},{"type":"Feature","properties":{"parcel":"2730","area_m2":155,"e":486684.44,"n":46586.21},"geometry":{"type":"Polygon","coordinates":[[[486691.2,46590.3],[486687.8,46596.4],[486677.7,46579.9],[486688.0,46576.0],[486691.2,46590.3]]]}},{"type":"Feature","properties":{"parcel":"2556","area_m2":205,"e":486690.37,"n":46614.61},"geometry":{"type":"Polygon","coordinates":[[[486696.2,46628.1],[486684.3,46615.2],[486687.4,46607.3],[486696.4,46601.1],[486696.2,46628.1]]]}},{"type":"Feature","properties":{"parcel":"2720","area_m2":2778,"e":486704.07,"n":46741.33},"geometry":{"type":"Polygon","coordinates":[[[486697.6,46717.8],[486713.5,46717.3],[486716.9,46756.8],[486724.8,46845.3],[486704.6,46845.3],[486693.7,46758.1],[486687.9,46718.7],[486697.6,46717.8]]]}},{"type":"Feature","properties":{"parcel":"2721","area_m2":964,"e":486704.76,"n":46679.24},"geometry":{"type":"Polygon","coordinates":[[[486700.8,46644.4],[486709.9,46657.1],[486713.5,46717.3],[486697.6,46717.8],[486696,46640.6],[486700.8,46644.4]]]}},{"type":"Feature","properties":{"parcel":"2557/1","area_m2":867,"e":486710.3,"n":46610.03},"geometry":{"type":"Polygon","coordinates":[[[486720.3,46583.7],[486723.1,46585.7],[486724.4,46625.6],[486722.4,46626.4],[486718.0,46628.9],[486715.3,46630.7],[486711.2,46632.2],[486698.8,46636.3],[486696.2,46628.1],[486703.0,46608.2],[486720.3,46583.7]]]}},{"type":"Feature","properties":{"parcel":"2558","area_m2":144,"e":486708.18,"n":46637.14},"geometry":{"type":"Polygon","coordinates":[[[486711.2,46632.2],[486717.6,46639.2],[486706.8,46642.1],[486698.8,46636.3],[486711.2,46632.2]]]}},{"type":"Feature","properties":{"parcel":"2555/1","area_m2":205,"e":486713.08,"n":46593.26},"geometry":{"type":"Polygon","coordinates":[[[486722.7,46578.3],[486723.1,46585.7],[486720.3,46583.7],[486703.0,46608.2],[486710.1,46578.9],[486722.7,46578.3]]]}},{"type":"Feature","properties":{"parcel":"2559","area_m2":352,"e":486750.21,"n":46616.3},"geometry":{"type":"Polygon","coordinates":[[[486748.3,46611.2],[486758.2,46616.1],[486745.2,46632.3],[486721.4,46643.9],[486706.8,46642.1],[486717.6,46639.2],[486711.2,46632.2],[486715.3,46630.7],[486720.6,46638.4],[486732.5,46634.2],[486749,46622.4],[486744.5,46614.0],[486748.3,46611.2]]]}},{"type":"Feature","properties":{"parcel":"2717","area_m2":2902,"e":486728.13,"n":46785.92},"geometry":{"type":"Polygon","coordinates":[[[486709.9,46657.1],[486722.9,46655.2],[486732.9,46757.4],[486742.3,46840.5],[486724.8,46845.3],[486716.9,46756.8],[486713.5,46717.3],[486709.9,46657.1]]]}},{"type":"Feature","properties":{"parcel":"2560","area_m2":374,"e":486732.15,"n":46626.22},"geometry":{"type":"Polygon","coordinates":[[[486744.5,46614.0],[486749,46622.4],[486732.5,46634.2],[486720.6,46638.4],[486715.3,46630.7],[486718.0,46628.9],[486722.4,46626.4],[486724.4,46625.6],[486744.5,46614.0]]]}},{"type":"Feature","properties":{"parcel":"2555/2","area_m2":194,"e":486730.73,"n":46583.25},"geometry":{"type":"Polygon","coordinates":[[[486722.7,46578.3],[486734.2,46576.8],[486748.3,46611.2],[486737.7,46592.8],[486723.1,46585.7],[486722.7,46578.3]]]}},{"type":"Feature","properties":{"parcel":"2715","area_m2":2018,"e":486737.08,"n":46745.32},"geometry":{"type":"Polygon","coordinates":[[[486734.7,46650.2],[486734.9,46658.9],[486737.5,46678.5],[486744.3,46757.0],[486751.2,46834.8],[486748.9,46835.9],[486749.1,46839.0],[486742.3,46840.5],[486732.9,46757.4],[486722.9,46655.2],[486734.7,46650.2]]]}},{"type":"Feature","properties":{"parcel":"2557/2","area_m2":554,"e":486735.73,"n":46605.68},"geometry":{"type":"Polygon","coordinates":[[[486748.3,46611.2],[486744.5,46614.0],[486724.4,46625.6],[486723.1,46585.7],[486737.7,46592.8],[486748.3,46611.2]]]}},{"type":"Feature","properties":{"parcel":"2561","area_m2":1457,"e":486757.36,"n":46589.82},"geometry":{"type":"Polygon","coordinates":[[[486765.2,46563.6],[486775.9,46579.1],[486772.0,46598.3],[486780.5,46611.8],[486771.8,46609.8],[486758.2,46616.1],[486748.3,46611.2],[486734.2,46576.8],[486765.2,46563.6]]]}},{"type":"Feature","properties":{"parcel":"2712/3","area_m2":115,"e":486739.24,"n":46650.55},"geometry":{"type":"Polygon","coordinates":[[[486743.0,46642.2],[486743.7,46658.4],[486734.9,46658.9],[486734.7,46650.2],[486743.0,46642.2]]]}},{"type":"Feature","properties":{"parcel":"2712/2","area_m2":180,"e":486740.46,"n":46668.48},"geometry":{"type":"Polygon","coordinates":[[[486743.7,46658.4],[486746.0,46678.4],[486737.5,46678.5],[486734.9,46658.9],[486743.7,46658.4]]]}},{"type":"Feature","properties":{"parcel":"2712/1","area_m2":1227,"e":486747.53,"n":46756.62},"geometry":{"type":"Polygon","coordinates":[[[486746.0,46678.4],[486753.0,46761.1],[486757.6,46830.4],[486751.2,46834.8],[486744.3,46757.0],[486737.5,46678.5],[486746.0,46678.4]]]}},{"type":"Feature","properties":{"parcel":"2711","area_m2":1804,"e":486760.29,"n":46794.31},"geometry":{"type":"Polygon","coordinates":[[[486743.7,46658.4],[486743.0,46642.2],[486750.7,46637.9],[486762.0,46757.0],[486768.1,46821.5],[486757.6,46830.4],[486753.0,46761.1],[486746.0,46678.4],[486743.7,46658.4]]]}},{"type":"Feature","properties":{"parcel":"2764/2","area_m2":2430,"e":486812.29,"n":46818.65},"geometry":{"type":"Polygon","coordinates":[[[486802.1,46796.2],[486812.1,46793.6],[486827.1,46789.7],[486830.5,46788.8],[486834.9,46788.0],[486839.4,46789.4],[486845.2,46796.6],[486850.4,46793.6],[486853.4,46792.5],[486855.5,46791.4],[486861.6,46799.5],[486858.2,46802.3],[486822.2,46831.6],[486814.3,46839.6],[486807.7,46840.7],[486792.0,46842.5],[486791.9,46839.6],[486784.9,46839.4],[486776.4,46835.0],[486769.5,46835.6],[486766.0,46836.4],[486757.2,46838.3],[486751.5,46838.4],[486749.1,46839.0],[486748.9,46835.9],[486751.2,46834.8],[486757.6,46830.4],[486768.1,46821.5],[486778.1,46829.3],[486780.8,46829.4],[486793.8,46825.4],[486791.3,46817],[486794.0,46811.7],[486802.1,46796.2]]]}},{"type":"Feature","properties":{"parcel":"2700","area_m2":446,"e":486764.3,"n":46628.59},"geometry":{"type":"Polygon","coordinates":[[[486777.2,46637.9],[486777.9,46642.2],[486758.9,46640.6],[486757.3,46640.3],[486750.7,46637.9],[486771.5,46615.0],[486777.2,46637.9]]]}},{"type":"Feature","properties":{"parcel":"2710","area_m2":1779,"e":486771.38,"n":46793.48},"geometry":{"type":"Polygon","coordinates":[[[486757.3,46640.3],[486758.9,46640.6],[486770.5,46746.5],[486780.8,46829.4],[486778.1,46829.3],[486768.1,46821.5],[486762.0,46757.0],[486750.7,46637.9],[486757.3,46640.3]]]}},{"type":"Feature","properties":{"parcel":"*125/4","area_m2":300,"e":486782.47,"n":46841.48},"geometry":{"type":"Polygon","coordinates":[[[486766.0,46836.4],[486769.5,46835.6],[486776.4,46835.0],[486784.9,46839.4],[486791.9,46839.6],[486792.0,46842.5],[486807.7,46840.7],[486797.2,46847.9],[486777.3,46847.8],[486777.1,46840.5],[486766.3,46842.8],[486757.2,46840.7],[486757.2,46838.3],[486766.0,46836.4]]]}},{"type":"Feature","properties":{"parcel":"2709","area_m2":2728,"e":486776.48,"n":46734.99},"geometry":{"type":"Polygon","coordinates":[[[486777.9,46642.2],[486777.5,46645.3],[486781.2,46713.5],[486785.4,46763.4],[486794.0,46811.7],[486791.3,46817],[486793.8,46825.4],[486780.8,46829.4],[486770.5,46746.5],[486758.9,46640.6],[486777.9,46642.2]]]}},{"type":"Feature","properties":{"parcel":"2699","area_m2":1137,"e":486798.51,"n":46630.44},"geometry":{"type":"Polygon","coordinates":[[[486814.3,46629.6],[486825.5,46639.6],[486821.3,46643.5],[486816.3,46645.4],[486806.7,46645.9],[486800.2,46645.9],[486794.8,46645.6],[486777.9,46642.2],[486777.2,46637.9],[486771.5,46615.0],[486814.3,46629.6]]]}},{"type":"Feature","properties":{"parcel":"2562","area_m2":647,"e":486795.98,"n":46609.73},"geometry":{"type":"Polygon","coordinates":[[[486778.9,46598.0],[486793.1,46598.2],[486806.4,46604.1],[486819.6,46609.7],[486820.0,46621.4],[486797.2,46616.2],[486780.5,46611.8],[486772.0,46598.3],[486778.9,46598.0]]]}},{"type":"Feature","properties":{"parcel":"2706","area_m2":2292,"e":486796.95,"n":46779.93},"geometry":{"type":"Polygon","coordinates":[[[486794.8,46645.6],[486790.4,46662.3],[486791.3,46671.4],[486797.2,46760.4],[486812.1,46793.6],[486802.1,46796.2],[486794.0,46811.7],[486785.4,46763.4],[486781.2,46713.5],[486777.5,46645.3],[486777.9,46642.2],[486794.8,46645.6]]]}},{"type":"Feature","properties":{"parcel":"2566","area_m2":482,"e":486797.93,"n":46580.19},"geometry":{"type":"Polygon","coordinates":[[[486816.9,46562.2],[486793.1,46598.2],[486778.9,46598.0],[486798.2,46564.7],[486816.9,46562.2]]]}},{"type":"Feature","properties":{"parcel":"3219","area_m2":2158,"e":486569.36,"n":46487.38},"geometry":{"type":"Polygon","coordinates":[[[486532.6,46437.4],[486532.9,46432.8],[486538.2,46433.1],[486550.8,46435.5],[486558.4,46452.8],[486564.0,46465.3],[486575.4,46489.9],[486592.5,46496.9],[486604.3,46496.4],[486618.3,46484.6],[486627.2,46467.7],[486639.0,46463.2],[486650.5,46467.9],[486663.7,46473.7],[486675.1,46479.1],[486678.4,46480.5],[486685.1,46482.8],[486694.6,46488.9],[486712.8,46503.4],[486717.8,46512.3],[486723.8,46522.0],[486730.1,46528.1],[486749.0,46533.5],[486762.1,46542.2],[486770.4,46547.5],[486789.6,46558.4],[486799.7,46561.7],[486818.9,46557.0],[486838.3,46553.0],[486851.9,46554.5],[486869.7,46553.0],[486885.7,46551.6],[486909.0,46547.1],[486916.1,46543.4],[486919.4,46541.8],[486928.9,46536.8],[486933.5,46532.3],[486937.8,46527.7],[486943.9,46520.9],[486949.5,46514.1],[486952.8,46509.5],[486953.7,46496.6],[486960.1,46495.9],[486953.0,46514.7],[486945.8,46523.6],[486938.6,46531.8],[486930.1,46538.6],[486920.8,46543.8],[486910.4,46548.9],[486899.8,46551.5],[486888.0,46554.2],[486862.2,46556.5],[486849.2,46558.6],[486837.0,46555.1],[486816.9,46562.2],[486798.2,46564.7],[486788.3,46561.6],[486768.9,46550.4],[486759.6,46545],[486749.8,46539.3],[486725.6,46530.8],[486716.9,46516.9],[486712.6,46510.4],[486708.2,46503.2],[486692.6,46490.7],[486676.3,46483.4],[486664.0,46477.7],[486651.4,46471.8],[486641.2,46467.7],[486628.6,46470.4],[486625.8,46476.9],[486619.6,46492.9],[486605.6,46500.2],[486592.3,46500.9],[486571.5,46493.3],[486562.2,46488.8],[486561.1,46482.5],[486558.9,46468.2],[486554.2,46456.3],[486549.1,46445.2],[486543.2,46439.5],[486540.6,46436.8],[486538.5,46436.8],[486532.6,46437.4]]]}},{"type":"Feature","properties":{"parcel":"2472/1","area_m2":1151,"e":486673.6,"n":46383.69},"geometry":{"type":"Polygon","coordinates":[[[486672.1,46335.1],[486688.5,46425.0],[486688.6,46430.4],[486683.4,46431.5],[486678.2,46432.3],[486670.6,46393.9],[486658.6,46336.9],[486672.1,46335.1]]]}},{"type":"Feature","properties":{"parcel":"2472/4","area_m2":1306,"e":486686.8,"n":46381.85},"geometry":{"type":"Polygon","coordinates":[[[486686.3,46333.3],[486696.7,46398.8],[486701.5,46428.6],[486688.6,46430.4],[486688.5,46425.0],[486672.1,46335.1],[486686.3,46333.3]]]}},{"type":"Feature","properties":{"parcel":"2469/2","area_m2":536,"e":486679.97,"n":46456},"geometry":{"type":"Polygon","coordinates":[[[486678.2,46432.3],[486683.4,46431.5],[486683.8,46444.1],[486687.3,46479.2],[486678.4,46480.5],[486675.1,46479.1],[486673.0,46443.8],[486672.6,46433.1],[486678.2,46432.3]]]}},{"type":"Feature","properties":{"parcel":"3218","area_m2":1449,"e":486770.85,"n":46453.36},"geometry":{"type":"Polygon","coordinates":[[[486804.4,46447.8],[486814.7,46447.3],[486827.3,46447.0],[486831.1,46447.0],[486867.5,46408.6],[486864.4,46402.2],[486860.5,46394.0],[486859.5,46389.5],[486862.1,46379.5],[486873.3,46351.2],[486881.8,46328.5],[486883.7,46310.3],[486874.7,46296.4],[486868.5,46287.2],[486871.6,46284.2],[486874.1,46288.0],[486885.4,46306.6],[486886.0,46309.4],[486885.2,46326.0],[486881.2,46344.9],[486875.8,46357.1],[486863.2,46384.5],[486865.4,46398.7],[486872.4,46407.6],[486834.9,46450.2],[486826.6,46450.9],[486809.6,46451.9],[486799.2,46452.7],[486787.1,46453.5],[486784.8,46453.3],[486764.4,46459.8],[486749.7,46464.5],[486708.3,46478.3],[486685.1,46482.8],[486678.4,46480.5],[486687.3,46479.2],[486692.7,46478],[486707.2,46475.6],[486747.6,46460],[486762.2,46453.1],[486776.5,46446.1],[486788.6,46449.1],[486793.8,46448.5],[486804.4,46447.8]]]}},{"type":"Feature","properties":{"parcel":"2468","area_m2":284,"e":486688.05,"n":46454.82},"geometry":{"type":"Polygon","coordinates":[[[486688.6,46430.4],[486690.3,46442.4],[486692.7,46478],[486687.3,46479.2],[486683.8,46444.1],[486683.4,46431.5],[486688.6,46430.4]]]}},{"type":"Feature","properties":{"parcel":"2603","area_m2":1291,"e":486720.61,"n":46483.94},"geometry":{"type":"Polygon","coordinates":[[[486708.3,46478.3],[486749.7,46464.5],[486756.1,46481.5],[486712.8,46503.4],[486694.6,46488.9],[486685.1,46482.8],[486708.3,46478.3]]]}},{"type":"Feature","properties":{"parcel":"2465/2","area_m2":921,"e":486722.51,"n":46377.83},"geometry":{"type":"Polygon","coordinates":[[[486686.3,46333.3],[486692.8,46331.7],[486721.7,46365.9],[486727.1,46364.8],[486730.9,46384.9],[486716.0,46388.2],[486701.2,46350.0],[486692.5,46351.1],[486698.7,46382.6],[486696.7,46398.8],[486686.3,46333.3]]]}},{"type":"Feature","properties":{"parcel":"2467","area_m2":683,"e":486697.9,"n":46453.29},"geometry":{"type":"Polygon","coordinates":[[[486701.5,46428.6],[486706.0,46452.9],[486707.2,46475.6],[486692.7,46478],[486690.3,46442.4],[486688.6,46430.4],[486701.5,46428.6]]]}},{"type":"Feature","properties":{"parcel":"2465/1","area_m2":2669,"e":486717.66,"n":46401.48},"geometry":{"type":"Polygon","coordinates":[[[486698.7,46382.6],[486692.5,46351.1],[486701.2,46350.0],[486716.0,46388.2],[486730.9,46384.9],[486742.8,46442.8],[486706.0,46452.9],[486701.5,46428.6],[486696.7,46398.8],[486698.7,46382.6]]]}},{"type":"Feature","properties":{"parcel":"2466/1","area_m2":770,"e":486726.81,"n":46459.18},"geometry":{"type":"Polygon","coordinates":[[[486742.8,46442.8],[486747.6,46460],[486707.2,46475.6],[486706.0,46452.9],[486742.8,46442.8]]]}},{"type":"Feature","properties":{"parcel":"2602","area_m2":406,"e":486732.92,"n":46498.84},"geometry":{"type":"Polygon","coordinates":[[[486758.8,46488.9],[486717.8,46512.3],[486712.8,46503.4],[486756.1,46481.5],[486758.8,46488.9]]]}},{"type":"Feature","properties":{"parcel":"2463/1","area_m2":770,"e":486737.18,"n":46388.17},"geometry":{"type":"Polygon","coordinates":[[[486727.1,46364.8],[486738.9,46363.3],[486750.2,46442.3],[486742.8,46442.8],[486730.9,46384.9],[486727.1,46364.8]]]}},{"type":"Feature","properties":{"parcel":"2463/2","area_m2":1324,"e":486749.41,"n":46379.6},"geometry":{"type":"Polygon","coordinates":[[[486763.0,46358.8],[486750.9,46362.1],[486756.8,46435.6],[486756.3,46442.5],[486750.2,46442.3],[486738.9,46363.3],[486735.8,46316.7],[486763.0,46358.8]]]}},{"type":"Feature","properties":{"parcel":"2466/2","area_m2":234,"e":486753.71,"n":46450.01},"geometry":{"type":"Polygon","coordinates":[[[486750.2,46442.3],[486756.3,46442.5],[486761.6,46442.2],[486762.2,46453.1],[486747.6,46460],[486742.8,46442.8],[486750.2,46442.3]]]}},{"type":"Feature","properties":{"parcel":"2604","area_m2":259,"e":486760.02,"n":46470.66},"geometry":{"type":"Polygon","coordinates":[[[486764.4,46459.8],[486770.3,46473.9],[486756.1,46481.5],[486749.7,46464.5],[486764.4,46459.8]]]}},{"type":"Feature","properties":{"parcel":"2461","area_m2":1331,"e":486760.34,"n":46399.65},"geometry":{"type":"Polygon","coordinates":[[[486769.5,46356.8],[486769.7,46439.6],[486761.6,46442.2],[486756.3,46442.5],[486756.8,46435.6],[486750.9,46362.1],[486763.0,46358.8],[486769.5,46356.8]]]}},{"type":"Feature","properties":{"parcel":"2601","area_m2":108,"e":486764.53,"n":46481.39},"geometry":{"type":"Polygon","coordinates":[[[486772.9,46480.6],[486758.8,46488.9],[486756.1,46481.5],[486770.3,46473.9],[486772.9,46480.6]]]}},{"type":"Feature","properties":{"parcel":"2600","area_m2":165,"e":486767.38,"n":46490.08},"geometry":{"type":"Polygon","coordinates":[[[486772.9,46480.6],[486776.0,46486.9],[486763.0,46499.5],[486758.8,46488.9],[486772.9,46480.6]]]}},{"type":"Feature","properties":{"parcel":"2457","area_m2":640,"e":486785.99,"n":46436.37},"geometry":{"type":"Polygon","coordinates":[[[486781.2,46436.4],[486792.0,46432.4],[486796.6,46419.7],[486810.3,46425.8],[486793.8,46448.5],[486788.6,46449.1],[486776.5,46446.1],[486762.2,46453.1],[486761.6,46442.2],[486769.7,46439.6],[486781.2,46436.4]]]}},{"type":"Feature","properties":{"parcel":"2598","area_m2":137,"e":486771.88,"n":46495.19},"geometry":{"type":"Polygon","coordinates":[[[486780.7,46495.0],[486774.2,46503.4],[486763.0,46499.5],[486776.0,46486.9],[486780.7,46495.0]]]}},{"type":"Feature","properties":{"parcel":"2605","area_m2":176,"e":486771.49,"n":46464.87},"geometry":{"type":"Polygon","coordinates":[[[486784.8,46453.3],[486787.1,46453.5],[486772.8,46470.9],[486770.3,46473.9],[486764.4,46459.8],[486784.8,46453.3]]]}},{"type":"Feature","properties":{"parcel":"2460","area_m2":1410,"e":486780.92,"n":46393.06},"geometry":{"type":"Polygon","coordinates":[[[486792.3,46346.5],[486781.2,46436.4],[486769.7,46439.6],[486769.5,46356.8],[486792.3,46346.5]]]}},{"type":"Feature","properties":{"parcel":"2606/2","area_m2":101,"e":486776.31,"n":46478.91},"geometry":{"type":"Polygon","coordinates":[[[486772.8,46470.9],[486782.3,46477.8],[486776.0,46486.9],[486772.9,46480.6],[486770.3,46473.9],[486772.8,46470.9]]]}},{"type":"Feature","properties":{"parcel":"2606/1","area_m2":270,"e":486786.04,"n":46465.28},"geometry":{"type":"Polygon","coordinates":[[[486799.2,46452.7],[486792.2,46462.7],[486782.3,46477.8],[486772.8,46470.9],[486787.1,46453.5],[486799.2,46452.7]]]}},{"type":"Feature","properties":{"parcel":"2607/2","area_m2":108,"e":486782.4,"n":46486.42},"geometry":{"type":"Polygon","coordinates":[[[486788.8,46483.4],[486780.7,46495.0],[486776.0,46486.9],[486782.3,46477.8],[486788.8,46483.4]]]}},{"type":"Feature","properties":{"parcel":"2608/2","area_m2":234,"e":486790.17,"n":46495.55},"geometry":{"type":"Polygon","coordinates":[[[486788.8,46483.4],[486799.6,46491.5],[486788.9,46507.7],[486787.2,46505.4],[486780.7,46495.0],[486788.8,46483.4]]]}},{"type":"Feature","properties":{"parcel":"2459","area_m2":1755,"e":486802.54,"n":46355.08},"geometry":{"type":"Polygon","coordinates":[[[486807.3,46336.3],[486809.9,46339.6],[486819.2,46351.3],[486796.6,46419.7],[486792.0,46432.4],[486781.2,46436.4],[486792.3,46346.5],[486807.3,46336.3]]]}},{"type":"Feature","properties":{"parcel":"2607/1","area_m2":313,"e":486797.64,"n":46461.77},"geometry":{"type":"Polygon","coordinates":[[[486809.6,46451.9],[486788.8,46483.4],[486782.3,46477.8],[486792.2,46462.7],[486799.2,46452.7],[486809.6,46451.9]]]}},{"type":"Feature","properties":{"parcel":"2608/1","area_m2":575,"e":486807.7,"n":46471.19},"geometry":{"type":"Polygon","coordinates":[[[486826.6,46450.9],[486818.8,46463],[486799.6,46491.5],[486788.8,46483.4],[486809.6,46451.9],[486826.6,46450.9]]]}},{"type":"Feature","properties":{"parcel":"2609/2","area_m2":122,"e":486796.82,"n":46502.45},"geometry":{"type":"Polygon","coordinates":[[[486804.7,46495.5],[486795.3,46510.5],[486793.1,46513.4],[486788.9,46507.7],[486799.6,46491.5],[486804.7,46495.5]]]}},{"type":"Feature","properties":{"parcel":"2548/2","area_m2":522,"e":486684.46,"n":46507.2},"geometry":{"type":"Polygon","coordinates":[[[486692.6,46490.7],[486690.5,46531.0],[486685.2,46529.7],[486680.8,46527.7],[486676.3,46483.4],[486692.6,46490.7]]]}},{"type":"Feature","properties":{"parcel":"3313","area_m2":1050,"e":486555.56,"n":46505.38},"geometry":{"type":"Polygon","coordinates":[[[486562.2,46488.8],[486563.4,46492.9],[486571.2,46524.2],[486562.0,46539.1],[486559.5,46544.0],[486556.8,46545.6],[486554.5,46538.9],[486550.6,46526.0],[486546.2,46515.2],[486539.0,46493.6],[486535.5,46487.1],[486562.2,46488.8]]]}},{"type":"Feature","properties":{"parcel":"2530","area_m2":1575,"e":486589.55,"n":46553.75},"geometry":{"type":"Polygon","coordinates":[[[486559.5,46544.0],[486562.0,46539.1],[486571.2,46524.2],[486563.4,46492.9],[486562.2,46488.8],[486571.5,46493.3],[486576.2,46541.0],[486591.5,46539.8],[486598.9,46528.7],[486611.0,46549.8],[486592.6,46568.8],[486572.1,46555.3],[486551.7,46562.7],[486542.3,46554.3],[486548.8,46550.9],[486556.8,46545.6],[486559.5,46544.0]]]}},{"type":"Feature","properties":{"parcel":"2599","area_m2":687,"e":486740.4,"n":46508.49},"geometry":{"type":"Polygon","coordinates":[[[486763.0,46499.5],[486730.1,46528.1],[486723.8,46522.0],[486717.8,46512.3],[486758.8,46488.9],[486763.0,46499.5]]]}},{"type":"Feature","properties":{"parcel":"2550","area_m2":1356,"e":486695.69,"n":46528.76},"geometry":{"type":"Polygon","coordinates":[[[486708.2,46503.2],[486712.6,46510.4],[486707.3,46538.4],[486702.1,46566.8],[486678.7,46556.7],[486680.7,46550.1],[486683.4,46538.0],[486685.2,46529.7],[486690.5,46531.0],[486692.6,46490.7],[486708.2,46503.2]]]}},{"type":"Feature","properties":{"parcel":"2543","area_m2":471,"e":486615.09,"n":46516.58},"geometry":{"type":"Polygon","coordinates":[[[486619.6,46492.9],[486619.9,46513.3],[486624.6,46534.2],[486622.8,46540.2],[486607.8,46520.7],[486605.6,46500.2],[486619.6,46492.9]]]}},{"type":"Feature","properties":{"parcel":"2541","area_m2":914,"e":486585.2,"n":46517.16},"geometry":{"type":"Polygon","coordinates":[[[486592.3,46500.9],[486598.9,46528.7],[486591.5,46539.8],[486576.2,46541.0],[486571.5,46493.3],[486592.3,46500.9]]]}},{"type":"Feature","properties":{"parcel":"2596","area_m2":227,"e":486777.42,"n":46507.7},"geometry":{"type":"Polygon","coordinates":[[[486780.7,46495.0],[486787.2,46505.4],[486777.3,46520.4],[486767.6,46511.4],[486774.2,46503.4],[486780.7,46495.0]]]}},{"type":"Feature","properties":{"parcel":"2610/2","area_m2":140,"e":486804.75,"n":46502.13},"geometry":{"type":"Polygon","coordinates":[[[486810.0,46499.3],[486800.6,46516.8],[486793.1,46513.4],[486795.3,46510.5],[486804.7,46495.5],[486810.0,46499.3]]]}},{"type":"Feature","properties":{"parcel":"2610/4","area_m2":140,"e":486807.19,"n":46513.45},"geometry":{"type":"Polygon","coordinates":[[[486815.6,46503.5],[486808.0,46519.9],[486800.6,46516.8],[486810.0,46499.3],[486815.6,46503.5]]]}},{"type":"Feature","properties":{"parcel":"2597","area_m2":604,"e":486752.14,"n":46516.52},"geometry":{"type":"Polygon","coordinates":[[[486774.2,46503.4],[486767.6,46511.4],[486749.0,46533.5],[486730.1,46528.1],[486763.0,46499.5],[486774.2,46503.4]]]}},{"type":"Feature","properties":{"parcel":"2542","area_m2":299,"e":486600.03,"n":46514.43},"geometry":{"type":"Polygon","coordinates":[[[486607.8,46520.7],[486598.9,46528.7],[486592.3,46500.9],[486605.6,46500.2],[486607.8,46520.7]]]}},{"type":"Feature","properties":{"parcel":"2594/2","area_m2":137,"e":486785.22,"n":46514.53},"geometry":{"type":"Polygon","coordinates":[[[486788.9,46507.7],[486793.1,46513.4],[486785.9,46523.7],[486777.3,46520.4],[486787.2,46505.4],[486788.9,46507.7]]]}},{"type":"Feature","properties":{"parcel":"2553","area_m2":604,"e":486707.84,"n":46561.91},"geometry":{"type":"Polygon","coordinates":[[[486707.3,46538.4],[486712.6,46510.4],[486716.9,46516.9],[486711.7,46533.3],[486712.0,46537.5],[486710.1,46578.9],[486703.0,46608.2],[486696.2,46628.1],[486696.4,46601.1],[486705.4,46581.8],[486702.5,46577.8],[486700.4,46576.3],[486702.1,46566.8],[486707.3,46538.4]]]}},{"type":"Feature","properties":{"parcel":"2595/1","area_m2":375,"e":486763.2,"n":46526.79},"geometry":{"type":"Polygon","coordinates":[[[486762.1,46542.2],[486749.0,46533.5],[486767.6,46511.4],[486777.3,46520.4],[486762.1,46542.2]]]}},{"type":"Feature","properties":{"parcel":"2593/2","area_m2":273,"e":486798.92,"n":46522.32},"geometry":{"type":"Polygon","coordinates":[[[486800.6,46516.8],[486808.0,46519.9],[486811.9,46521.9],[486805.8,46531.2],[486785.9,46523.7],[486793.1,46513.4],[486800.6,46516.8]]]}},{"type":"Feature","properties":{"parcel":"2526/1","area_m2":543,"e":486545.55,"n":46541.82},"geometry":{"type":"Polygon","coordinates":[[[486542.7,46530.0],[486550.6,46526.0],[486554.5,46538.9],[486556.8,46545.6],[486548.8,46550.9],[486542.3,46554.3],[486534.3,46539.2],[486520.8,46514.4],[486542.7,46530.0]]]}},{"type":"Feature","properties":{"parcel":"2549","area_m2":1259,"e":486655.67,"n":46532.82},"geometry":{"type":"Polygon","coordinates":[[[486632.1,46515.6],[486644.1,46517.6],[486658.5,46520.3],[486669.6,46524],[486680.8,46527.7],[486685.2,46529.7],[486683.4,46538.0],[486680.7,46550.1],[486638.2,46549.2],[486643.8,46538.8],[486646.8,46531.8],[486626.2,46531.7],[486632.1,46515.6]]]}},{"type":"Feature","properties":{"parcel":"2554","area_m2":1942,"e":486734.18,"n":46551.76},"geometry":{"type":"Polygon","coordinates":[[[486725.6,46530.8],[486749.8,46539.3],[486754.3,46546.5],[486759.8,46555.5],[486765.2,46563.6],[486734.2,46576.8],[486722.7,46578.3],[486710.1,46578.9],[486712.0,46537.5],[486711.7,46533.3],[486716.9,46516.9],[486725.6,46530.8]]]}},{"type":"Feature","properties":{"parcel":"2594/3","area_m2":264,"e":486773.99,"n":46533.94},"geometry":{"type":"Polygon","coordinates":[[[486785.9,46523.7],[486770.4,46547.5],[486762.1,46542.2],[486777.3,46520.4],[486785.9,46523.7]]]}},{"type":"Feature","properties":{"parcel":"2540","area_m2":320,"e":486610.84,"n":46535.24},"geometry":{"type":"Polygon","coordinates":[[[486607.8,46520.7],[486622.8,46540.2],[486611.0,46549.8],[486598.9,46528.7],[486607.8,46520.7]]]}},{"type":"Feature","properties":{"parcel":"2593/1","area_m2":622,"e":486788.13,"n":46541.05},"geometry":{"type":"Polygon","coordinates":[[[486805.8,46531.2],[486802.4,46537.7],[486789.6,46558.4],[486770.4,46547.5],[486785.9,46523.7],[486805.8,46531.2]]]}},{"type":"Feature","properties":{"parcel":"2539","area_m2":4600,"e":486624.28,"n":46567.28},"geometry":{"type":"Polygon","coordinates":[[[486572.1,46555.3],[486592.6,46568.8],[486611.0,46549.8],[486622.8,46540.2],[486624.6,46534.2],[486626.2,46531.7],[486646.8,46531.8],[486643.8,46538.8],[486638.2,46549.2],[486680.7,46550.1],[486678.7,46556.7],[486676.1,46566.6],[486674.3,46573.6],[486636.7,46589.4],[486625.9,46593.6],[486607.2,46613.1],[486589.3,46598.7],[486551.7,46562.7],[486572.1,46555.3]]]}},{"type":"Feature","properties":{"parcel":"2595/2","area_m2":21,"e":486755.32,"n":46544.29},"geometry":{"type":"Polygon","coordinates":[[[486754.3,46546.5],[486749.8,46539.3],[486759.6,46545],[486754.3,46546.5]]]}},{"type":"Feature","properties":{"parcel":"2594/4","area_m2":78,"e":486761.6,"n":46550.26},"geometry":{"type":"Polygon","coordinates":[[[486759.6,46545],[486768.9,46550.4],[486759.8,46555.5],[486754.3,46546.5],[486759.6,46545]]]}},{"type":"Feature","properties":{"parcel":"2564","area_m2":374,"e":486774.04,"n":46564.78},"geometry":{"type":"Polygon","coordinates":[[[486759.8,46555.5],[486768.9,46550.4],[486788.3,46561.6],[486775.9,46579.1],[486765.2,46563.6],[486759.8,46555.5]]]}},{"type":"Feature","properties":{"parcel":"2529","area_m2":155,"e":486541.31,"n":46562.23},"geometry":{"type":"Polygon","coordinates":[[[486542.3,46554.3],[486551.7,46562.7],[486543.8,46570.2],[486530.9,46556.7],[486542.3,46554.3]]]}},{"type":"Feature","properties":{"parcel":"2551","area_m2":241,"e":486689.1,"n":46566.46},"geometry":{"type":"Polygon","coordinates":[[[486702.1,46566.8],[486700.4,46576.3],[486687.4,46570.5],[486676.1,46566.6],[486678.7,46556.7],[486702.1,46566.8]]]}},{"type":"Feature","properties":{"parcel":"2528","area_m2":119,"e":486534.52,"n":46563.42},"geometry":{"type":"Polygon","coordinates":[[[486530.9,46556.7],[486543.8,46570.2],[486525.2,46569.7],[486527.7,46557.0],[486530.9,46556.7]]]}},{"type":"Feature","properties":{"parcel":"2565","area_m2":396,"e":486785.12,"n":46579.96},"geometry":{"type":"Polygon","coordinates":[[[486798.2,46564.7],[486778.9,46598.0],[486772.0,46598.3],[486775.9,46579.1],[486788.3,46561.6],[486798.2,46564.7]]]}},{"type":"Feature","properties":{"parcel":"2552","area_m2":54,"e":486678.44,"n":46569.69},"geometry":{"type":"Polygon","coordinates":[[[486687.4,46570.5],[486674.3,46573.6],[486676.1,46566.6],[486687.4,46570.5]]]}},{"type":"Feature","properties":{"parcel":"2438/1","area_m2":4722,"e":486788.09,"n":46262.32},"geometry":{"type":"Polygon","coordinates":[[[486849.1,46215.9],[486847.5,46246.8],[486840.6,46257.4],[486834,46268.9],[486822.2,46277.8],[486816.7,46282.6],[486811.0,46287.2],[486798.0,46297.9],[486789.4,46305.2],[486785.7,46308.7],[486777.2,46307.6],[486759.0,46305.6],[486727.0,46285.2],[486800.9,46242.2],[486849.1,46215.9]]]}},{"type":"Feature","properties":{"parcel":"2415","area_m2":1428,"e":486677.26,"n":46253.41},"geometry":{"type":"Polygon","coordinates":[[[486674.7,46243.3],[486702.6,46259.1],[486713.8,46274.3],[486708.3,46279.2],[486664.5,46262.3],[486647,46283.0],[486642.2,46272.8],[486640.7,46269.7],[486677.2,46223.8],[486674.7,46243.3]]]}},{"type":"Feature","properties":{"parcel":"2417","area_m2":554,"e":486686.13,"n":46242.13},"geometry":{"type":"Polygon","coordinates":[[[486683.7,46230.9],[486692.8,46241.6],[486701.9,46251.3],[486709.9,46261.1],[486719.0,46271.2],[486727.0,46285.2],[486724.6,46289.0],[486713.8,46274.3],[486702.6,46259.1],[486674.7,46243.3],[486677.2,46223.8],[486683.7,46230.9]]]}},{"type":"Feature","properties":{"parcel":"2437","area_m2":1298,"e":486759.98,"n":46257.75},"geometry":{"type":"Polygon","coordinates":[[[486792.6,46230.3],[486800.9,46242.2],[486727.0,46285.2],[486719.0,46271.2],[486792.6,46230.3]]]}},{"type":"Feature","properties":{"parcel":"2410/3","area_m2":1270,"e":486562.02,"n":46271.36},"geometry":{"type":"Polygon","coordinates":[[[486631.2,46249.2],[486579.9,46271.6],[486532.4,46287.4],[486530.6,46279.1],[486625.8,46236.1],[486631.2,46249.2]]]}},{"type":"Feature","properties":{"parcel":"2442","area_m2":712,"e":486865.7,"n":46262.55},"geometry":{"type":"Polygon","coordinates":[[[486847.5,46246.8],[486890.8,46262.4],[486876.9,46278.3],[486840.6,46257.4],[486847.5,46246.8]]]}},{"type":"Feature","properties":{"parcel":"2410/2","area_m2":798,"e":486608.61,"n":46266.72},"geometry":{"type":"Polygon","coordinates":[[[486637.3,46262.5],[486585.2,46284.2],[486579.9,46271.6],[486631.2,46249.2],[486637.3,46262.5]]]}},{"type":"Feature","properties":{"parcel":"2443","area_m2":622,"e":486855.43,"n":46274.66},"geometry":{"type":"Polygon","coordinates":[[[486840.6,46257.4],[486876.9,46278.3],[486871.6,46284.2],[486868.5,46287.2],[486863.9,46291.9],[486834,46268.9],[486840.6,46257.4]]]}},{"type":"Feature","properties":{"parcel":"2414","area_m2":1090,"e":486685.8,"n":46278.48},"geometry":{"type":"Polygon","coordinates":[[[486724.6,46289.0],[486723.7,46294.7],[486713.4,46292.8],[486705.9,46290.9],[486677.2,46285.2],[486663.3,46284.3],[486647,46283.0],[486664.5,46262.3],[486708.3,46279.2],[486713.8,46274.3],[486724.6,46289.0]]]}},{"type":"Feature","properties":{"parcel":"2413","area_m2":432,"e":486616.39,"n":46277.48},"geometry":{"type":"Polygon","coordinates":[[[486640.7,46269.7],[486613.1,46284.3],[486585.2,46284.2],[486637.3,46262.5],[486640.7,46269.7]]]}},{"type":"Feature","properties":{"parcel":"2444/2","area_m2":604,"e":486843.06,"n":46286.05},"geometry":{"type":"Polygon","coordinates":[[[486834,46268.9],[486863.9,46291.9],[486853.7,46303.1],[486822.2,46277.8],[486834,46268.9]]]}},{"type":"Feature","properties":{"parcel":"3214/2","area_m2":645,"e":486519.13,"n":46337.48},"geometry":{"type":"Polygon","coordinates":[[[486640.7,46269.7],[486642.2,46272.8],[486619.3,46285.8],[486565.5,46302.2],[486537.5,46310.6],[486523.1,46338.7],[486527.2,46357.5],[486525.3,46358.2],[486513.1,46337.6],[486536.1,46307.5],[486553.8,46302.1],[486613.1,46284.3],[486640.7,46269.7]]]}},{"type":"Feature","properties":{"parcel":"2483","area_m2":867,"e":486612.78,"n":46294.08},"geometry":{"type":"Polygon","coordinates":[[[486647,46283.0],[486637.0,46288.6],[486624.2,46295.9],[486612.7,46302.6],[486599.9,46303.4],[486589.0,46303.6],[486577.7,46304.6],[486562.1,46307],[486547.3,46309.3],[486537.5,46310.6],[486565.5,46302.2],[486619.3,46285.8],[486642.2,46272.8],[486647,46283.0]]]}},{"type":"Feature","properties":{"parcel":"2444/1","area_m2":281,"e":486846.75,"n":46303.5},"geometry":{"type":"Polygon","coordinates":[[[486822.2,46277.8],[486853.7,46303.1],[486847.6,46309.4],[486816.7,46282.6],[486822.2,46277.8]]]}},{"type":"Feature","properties":{"parcel":"2445","area_m2":342,"e":486836.19,"n":46306.03},"geometry":{"type":"Polygon","coordinates":[[[486816.7,46282.6],[486847.6,46309.4],[486840.4,46316.7],[486811.0,46287.2],[486816.7,46282.6]]]}},{"type":"Feature","properties":{"parcel":"2472/2","area_m2":755,"e":486659.55,"n":46309.97},"geometry":{"type":"Polygon","coordinates":[[[486663.3,46284.3],[486667.9,46312.4],[486672.1,46335.1],[486658.6,46336.9],[486653.3,46313.5],[486647,46283.0],[486663.3,46284.3]]]}},{"type":"Feature","properties":{"parcel":"2409","area_m2":554,"e":486573.82,"n":46295.85},"geometry":{"type":"Polygon","coordinates":[[[486613.1,46284.3],[486553.8,46302.1],[486536.1,46307.5],[486535.4,46303.2],[486534.6,46299.2],[486585.2,46284.2],[486613.1,46284.3]]]}},{"type":"Feature","properties":{"parcel":"2472/3","area_m2":687,"e":486674.79,"n":46309.7},"geometry":{"type":"Polygon","coordinates":[[[486677.2,46285.2],[486681.7,46312.3],[486686.3,46333.3],[486672.1,46335.1],[486667.9,46312.4],[486663.3,46284.3],[486677.2,46285.2]]]}},{"type":"Feature","properties":{"parcel":"2465/3","area_m2":1780,"e":486702.11,"n":46325.58},"geometry":{"type":"Polygon","coordinates":[[[486705.9,46290.9],[486711.5,46313.5],[486727.1,46364.8],[486721.7,46365.9],[486692.8,46331.7],[486686.3,46333.3],[486681.7,46312.3],[486677.2,46285.2],[486705.9,46290.9]]]}},{"type":"Feature","properties":{"parcel":"2462","area_m2":1924,"e":486758.01,"n":46322.03},"geometry":{"type":"Polygon","coordinates":[[[486723.7,46294.7],[486724.6,46289.0],[486727.0,46285.2],[486759.0,46305.6],[486777.3,46327.9],[486792.3,46346.5],[486769.5,46356.8],[486763.0,46358.8],[486735.8,46316.7],[486723.7,46294.7]]]}},{"type":"Feature","properties":{"parcel":"2446/2","area_m2":727,"e":486819.19,"n":46307.69},"geometry":{"type":"Polygon","coordinates":[[[486811.0,46287.2],[486840.4,46316.7],[486825.6,46328.2],[486798.0,46297.9],[486811.0,46287.2]]]}},{"type":"Feature","properties":{"parcel":"2448","area_m2":849,"e":486822.03,"n":46339.33},"geometry":{"type":"Polygon","coordinates":[[[486847.6,46309.4],[486853.7,46303.1],[486863.9,46291.9],[486868.5,46287.2],[486874.7,46296.4],[486862.2,46309.1],[486819.2,46351.3],[486809.9,46339.6],[486813.4,46336.8],[486825.6,46328.2],[486840.4,46316.7],[486847.6,46309.4]]]}},{"type":"Feature","properties":{"parcel":"2464/1","area_m2":694,"e":486728.6,"n":46350.95},"geometry":{"type":"Polygon","coordinates":[[[486713.4,46292.8],[486738.9,46363.3],[486727.1,46364.8],[486711.5,46313.5],[486705.9,46290.9],[486713.4,46292.8]]]}},{"type":"Feature","properties":{"parcel":"2464/2","area_m2":575,"e":486727.75,"n":46314.84},"geometry":{"type":"Polygon","coordinates":[[[486723.7,46294.7],[486735.8,46316.7],[486738.9,46363.3],[486713.4,46292.8],[486723.7,46294.7]]]}},{"type":"Feature","properties":{"parcel":"2449","area_m2":1050,"e":486871.58,"n":46307.94},"geometry":{"type":"Polygon","coordinates":[[[486883.7,46310.3],[486861.5,46330.0],[486844.9,46345.0],[486835.4,46353.7],[486829.3,46358.1],[486819.2,46351.3],[486862.2,46309.1],[486874.7,46296.4],[486883.7,46310.3]]]}},{"type":"Feature","properties":{"parcel":"2446/1","area_m2":525,"e":486807.51,"n":46317.36},"geometry":{"type":"Polygon","coordinates":[[[486798.0,46297.9],[486825.6,46328.2],[486813.4,46336.8],[486789.4,46305.2],[486798.0,46297.9]]]}},{"type":"Feature","properties":{"parcel":"2447","area_m2":201,"e":486799.54,"n":46322.4},"geometry":{"type":"Polygon","coordinates":[[[486789.4,46305.2],[486813.4,46336.8],[486809.9,46339.6],[486807.3,46336.3],[486785.7,46308.7],[486789.4,46305.2]]]}},{"type":"Feature","properties":{"parcel":"2438/2","area_m2":755,"e":486786.19,"n":46323.47},"geometry":{"type":"Polygon","coordinates":[[[486777.2,46307.6],[486785.7,46308.7],[486807.3,46336.3],[486792.3,46346.5],[486777.3,46327.9],[486759.0,46305.6],[486777.2,46307.6]]]}},{"type":"Feature","properties":{"parcel":"2450","area_m2":770,"e":486856.48,"n":46338},"geometry":{"type":"Polygon","coordinates":[[[486881.8,46328.5],[486840.8,46365.6],[486829.3,46358.1],[486835.4,46353.7],[486844.9,46345.0],[486861.5,46330.0],[486883.7,46310.3],[486881.8,46328.5]]]}},{"type":"Feature","properties":{"parcel":"*119","area_m2":354,"e":486523.93,"n":46447.12},"geometry":{"type":"Polygon","coordinates":[[[486532.6,46437.4],[486538.5,46436.8],[486539.1,46442.2],[486533.0,46442.8],[486534.6,46448.3],[486525.5,46451.4],[486519.7,46454],[486514.6,46457.4],[486508.8,46445.4],[486513.6,46442.8],[486519.3,46438.9],[486521.9,46438.1],[486527.1,46437.6],[486529.9,46437.4],[486532.6,46437.4]]]}},{"type":"Feature","properties":{"parcel":"3315","area_m2":1068,"e":486537.87,"n":46459.65},"geometry":{"type":"Polygon","coordinates":[[[486525.5,46451.4],[486534.6,46448.3],[486533.0,46442.8],[486539.1,46442.2],[486538.5,46436.8],[486540.6,46436.8],[486543.2,46439.5],[486549.1,46445.2],[486554.2,46456.3],[486558.9,46468.2],[486561.1,46482.5],[486532.2,46480.4],[486522.6,46460.3],[486514.6,46457.4],[486519.7,46454],[486525.5,46451.4]]]}},{"type":"Feature","properties":{"parcel":"2495/3","area_m2":242,"e":486527.46,"n":46372.4},"geometry":{"type":"Polygon","coordinates":[[[486527.2,46357.5],[486530.3,46372.6],[486531.7,46383.1],[486525.4,46398.8],[486522.2,46405.2],[486519.1,46389.9],[486518.1,46385.1],[486523.7,46378.4],[486525.3,46358.2],[486527.2,46357.5]],[[486519.8,46388.7],[486523.8,46391.1],[486528.9,46381.6],[486525.4,46380.1],[486519.8,46388.7]]]}},{"type":"Feature","properties":{"parcel":"*146","area_m2":57,"e":486524.33,"n":46385.62},"geometry":{"type":"Polygon","coordinates":[[[486528.9,46381.6],[486523.8,46391.1],[486519.8,46388.7],[486525.4,46380.1],[486528.9,46381.6]]]}},{"type":"Feature","properties":{"parcel":"2495/2","area_m2":173,"e":486531.47,"n":46408.72},"geometry":{"type":"Polygon","coordinates":[[[486531.7,46383.1],[486535.0,46406.6],[486535.7,46412.6],[486525.7,46414.6],[486524.3,46412.6],[486524.0,46411.6],[486523.3,46409.3],[486522.2,46405.2],[486525.4,46398.8],[486531.7,46383.1]],[[486526.1,46406.4],[486531.4,46405.9],[486530.8,46398.4],[486525.4,46398.8],[486526.1,46406.4]]]}},{"type":"Feature","properties":{"parcel":"*120/1","area_m2":44,"e":486528.41,"n":46402.38},"geometry":{"type":"Polygon","coordinates":[[[486530.8,46398.4],[486531.4,46405.9],[486526.1,46406.4],[486525.4,46398.8],[486530.8,46398.4]]]}},{"type":"Feature","properties":{"parcel":"2495/1","area_m2":158,"e":486531.95,"n":46422.86},"geometry":{"type":"Polygon","coordinates":[[[486527.8,46417.7],[486525.7,46414.6],[486535.7,46412.6],[486536.4,46418.0],[486538.2,46433.1],[486532.9,46432.8],[486530.1,46425.5],[486526.7,46418.5],[486527.8,46417.7]]]}},{"type":"Feature","properties":{"parcel":"2488","area_m2":838,"e":486540.44,"n":46367.41},"geometry":{"type":"Polygon","coordinates":[[[486537.5,46354.6],[486546.3,46351.7],[486547.6,46360.1],[486548.5,46371.8],[486550.8,46435.5],[486538.2,46433.1],[486536.4,46418.0],[486545.2,46415.1],[486542.7,46373.3],[486530.3,46372.6],[486527.2,46357.5],[486537.5,46354.6]]]}},{"type":"Feature","properties":{"parcel":"2494","area_m2":432,"e":486536.82,"n":46381.09},"geometry":{"type":"Polygon","coordinates":[[[486530.3,46372.6],[486542.7,46373.3],[486545.2,46415.1],[486536.4,46418.0],[486535.7,46412.6],[486535.0,46406.6],[486531.7,46383.1],[486530.3,46372.6]]]}},{"type":"Feature","properties":{"parcel":"3314","area_m2":176,"e":486547.19,"n":46484.57},"geometry":{"type":"Polygon","coordinates":[[[486561.1,46482.5],[486562.2,46488.8],[486535.5,46487.1],[486532.2,46480.4],[486561.1,46482.5]]]}},{"type":"Feature","properties":{"parcel":"2487","area_m2":914,"e":486557.84,"n":46331.1},"geometry":{"type":"Polygon","coordinates":[[[486562.1,46307],[486565.1,46339],[486566.1,46347.0],[486557.9,46347.9],[486555.9,46371.1],[486550.8,46435.5],[486548.5,46371.8],[486547.6,46360.1],[486553.8,46359.6],[486553.4,46347.8],[486552.0,46338.9],[486547.3,46309.3],[486562.1,46307]]]}},{"type":"Feature","properties":{"parcel":"2486","area_m2":263,"e":486562.32,"n":46450.4},"geometry":{"type":"Polygon","coordinates":[[[486573.9,46445.6],[486570.4,46452.7],[486564.0,46465.3],[486558.4,46452.8],[486550.8,46435.5],[486573.9,46445.6]]]}},{"type":"Feature","properties":{"parcel":"2485","area_m2":4521,"e":486571.61,"n":46400.72},"geometry":{"type":"Polygon","coordinates":[[[486577.7,46304.6],[486578.4,46313.5],[486582.7,46350.4],[486591.3,46459.4],[486592.5,46496.9],[486575.4,46489.9],[486564.0,46465.3],[486570.4,46452.7],[486573.9,46445.6],[486550.8,46435.5],[486555.9,46371.1],[486557.9,46347.9],[486566.1,46347.0],[486565.1,46339],[486562.1,46307],[486577.7,46304.6]]]}},{"type":"Feature","properties":{"parcel":"2482","area_m2":2428,"e":486591.02,"n":46400.24},"geometry":{"type":"Polygon","coordinates":[[[486589.0,46303.6],[486590.6,46313.4],[486601.7,46414.4],[486604.3,46496.4],[486592.5,46496.9],[486591.3,46459.4],[486582.7,46350.4],[486578.4,46313.5],[486577.7,46304.6],[486589.0,46303.6]]]}},{"type":"Feature","properties":{"parcel":"2480","area_m2":2395,"e":486609.15,"n":46436.07},"geometry":{"type":"Polygon","coordinates":[[[486599.9,46303.4],[486601.6,46313.7],[486618.1,46438.0],[486618.3,46484.6],[486604.3,46496.4],[486601.7,46414.4],[486590.6,46313.4],[486589.0,46303.6],[486599.9,46303.4]]]}},{"type":"Feature","properties":{"parcel":"2481","area_m2":1370,"e":486612.69,"n":46370.29},"geometry":{"type":"Polygon","coordinates":[[[486612.7,46302.6],[486613.4,46312.9],[486625.3,46386.9],[486620.5,46388.0],[486625.5,46416.2],[486619.5,46416.9],[486618.1,46438.0],[486601.6,46313.7],[486599.9,46303.4],[486612.7,46302.6]]]}},{"type":"Feature","properties":{"parcel":"2475","area_m2":1557,"e":486632.38,"n":46361.19},"geometry":{"type":"Polygon","coordinates":[[[486624.2,46295.9],[486626.9,46312.4],[486652.0,46426.4],[486633.0,46383.0],[486625.3,46386.9],[486613.4,46312.9],[486612.7,46302.6],[486624.2,46295.9]]]}},{"type":"Feature","properties":{"parcel":"2479","area_m2":417,"e":486622.07,"n":46443.37},"geometry":{"type":"Polygon","coordinates":[[[486638.1,46433.8],[486639.1,46439.1],[486636.1,46439.7],[486627.7,46440.6],[486627.2,46467.7],[486618.3,46484.6],[486618.1,46438.0],[486638.1,46433.8]]]}},{"type":"Feature","properties":{"parcel":"2477","area_m2":496,"e":486628.13,"n":46412.46},"geometry":{"type":"Polygon","coordinates":[[[486631.1,46410.5],[486638.1,46433.8],[486618.1,46438.0],[486619.5,46416.9],[486625.5,46416.2],[486620.5,46388.0],[486625.3,46386.9],[486631.1,46410.5]]]}},{"type":"Feature","properties":{"parcel":"2544","area_m2":399,"e":486625.87,"n":46505.55},"geometry":{"type":"Polygon","coordinates":[[[486625.8,46476.9],[486632.1,46515.6],[486626.2,46531.7],[486624.6,46534.2],[486619.9,46513.3],[486619.6,46492.9],[486625.8,46476.9]]]}},{"type":"Feature","properties":{"parcel":"2474","area_m2":1748,"e":486644.92,"n":46362.51},"geometry":{"type":"Polygon","coordinates":[[[486637.0,46288.6],[486640.5,46313.0],[486649.9,46358.4],[486665.7,46434.5],[486661.1,46435.6],[486653.8,46436.4],[486652.0,46426.4],[486626.9,46312.4],[486624.2,46295.9],[486637.0,46288.6]]]}},{"type":"Feature","properties":{"parcel":"2476","area_m2":716,"e":486639.59,"n":46411.07},"geometry":{"type":"Polygon","coordinates":[[[486633.0,46383.0],[486652.0,46426.4],[486653.8,46436.4],[486647.5,46437.5],[486639.1,46439.1],[486638.1,46433.8],[486631.1,46410.5],[486625.3,46386.9],[486633.0,46383.0]]]}},{"type":"Feature","properties":{"parcel":"2545","area_m2":629,"e":486634.92,"n":46492.64},"geometry":{"type":"Polygon","coordinates":[[[486628.6,46470.4],[486641.2,46467.7],[486644.1,46517.6],[486632.1,46515.6],[486625.8,46476.9],[486628.6,46470.4]]]}},{"type":"Feature","properties":{"parcel":"2478","area_m2":266,"e":486633.07,"n":46453.71},"geometry":{"type":"Polygon","coordinates":[[[486639.0,46463.2],[486627.2,46467.7],[486627.7,46440.6],[486636.1,46439.7],[486639.0,46463.2]]]}},{"type":"Feature","properties":{"parcel":"2471","area_m2":313,"e":486643.29,"n":46452.73},"geometry":{"type":"Polygon","coordinates":[[[486639.1,46439.1],[486647.5,46437.5],[486648.0,46443.7],[486650.5,46467.9],[486639.0,46463.2],[486636.1,46439.7],[486639.1,46439.1]]]}},{"type":"Feature","properties":{"parcel":"2473","area_m2":1960,"e":486657.59,"n":46358.78},"geometry":{"type":"Polygon","coordinates":[[[486647,46283.0],[486653.3,46313.5],[486658.6,46336.9],[486670.6,46393.9],[486678.2,46432.3],[486672.6,46433.1],[486665.7,46434.5],[486649.9,46358.4],[486640.5,46313.0],[486637.0,46288.6],[486647,46283.0]]]}},{"type":"Feature","properties":{"parcel":"2546","area_m2":593,"e":486649.84,"n":46494},"geometry":{"type":"Polygon","coordinates":[[[486651.4,46471.8],[486658.5,46520.3],[486644.1,46517.6],[486641.2,46467.7],[486651.4,46471.8]]]}},{"type":"Feature","properties":{"parcel":"2470","area_m2":424,"e":486655.64,"n":46454.64},"geometry":{"type":"Polygon","coordinates":[[[486653.8,46436.4],[486661.1,46435.6],[486661.4,46442.8],[486663.7,46473.7],[486650.5,46467.9],[486648.0,46443.7],[486647.5,46437.5],[486653.8,46436.4]]]}},{"type":"Feature","properties":{"parcel":"2547","area_m2":539,"e":486660.53,"n":46497.91},"geometry":{"type":"Polygon","coordinates":[[[486664.0,46477.7],[486669.6,46524],[486658.5,46520.3],[486651.4,46471.8],[486664.0,46477.7]]]}},{"type":"Feature","properties":{"parcel":"2469/1","area_m2":457,"e":486668.12,"n":46456.09},"geometry":{"type":"Polygon","coordinates":[[[486665.7,46434.5],[486672.6,46433.1],[486673.0,46443.8],[486675.1,46479.1],[486663.7,46473.7],[486661.4,46442.8],[486661.1,46435.6],[486665.7,46434.5]]]}},{"type":"Feature","properties":{"parcel":"2548/1","area_m2":500,"e":486671.33,"n":46493.34},"geometry":{"type":"Polygon","coordinates":[[[486676.3,46483.4],[486680.8,46527.7],[486669.6,46524],[486664.0,46477.7],[486676.3,46483.4]]]}},{"type":"Feature","properties":{"parcel":"2429","area_m2":2439,"e":486779.15,"n":46206.5},"geometry":{"type":"Polygon","coordinates":[[[486865.5,46173.9],[486860.2,46176.1],[486829.3,46189.6],[486740.5,46232.9],[486701.9,46251.3],[486692.8,46241.6],[486782.6,46195.8],[486808.8,46182.6],[486855.3,46164.6],[486861.7,46161.6],[486865.5,46173.9]]]}},{"type":"Feature","properties":{"parcel":"2433","area_m2":2513,"e":486894.05,"n":46187.75},"geometry":{"type":"Polygon","coordinates":[[[486905.1,46174.4],[486911.0,46172.3],[486908.3,46179.6],[486913.1,46191.5],[486892.0,46197.0],[486875.1,46200.8],[486822.7,46213.2],[486792.6,46230.3],[486719.0,46271.2],[486709.9,46261.1],[486743.9,46244.4],[486820.3,46205.0],[486861.8,46189.9],[486905.1,46174.4]]]}},{"type":"Feature","properties":{"parcel":"2431","area_m2":1982,"e":486781.87,"n":46218.59},"geometry":{"type":"Polygon","coordinates":[[[486861.8,46189.9],[486820.3,46205.0],[486743.9,46244.4],[486709.9,46261.1],[486701.9,46251.3],[486740.5,46232.9],[486829.3,46189.6],[486860.2,46176.1],[486861.8,46189.9]]]}},{"type":"Feature","properties":{"parcel":"2416/2","area_m2":302,"e":486637.21,"n":46247.96},"geometry":{"type":"Polygon","coordinates":[[[486666.8,46210.7],[486669.7,46215.6],[486640.1,46247.1],[486637.3,46262.5],[486631.2,46249.2],[486649.5,46228.8],[486666.8,46210.7]]]}},{"type":"Feature","properties":{"parcel":"2416/1","area_m2":683,"e":486649.75,"n":46246.04},"geometry":{"type":"Polygon","coordinates":[[[486672.8,46217.6],[486677.2,46223.8],[486640.7,46269.7],[486637.3,46262.5],[486640.1,46247.1],[486669.7,46215.6],[486672.8,46217.6]]]}},{"type":"Feature","properties":{"parcel":"2411","area_m2":1352,"e":486577.01,"n":46250.42},"geometry":{"type":"Polygon","coordinates":[[[486625.8,46236.1],[486530.6,46279.1],[486529.5,46274.8],[486528.2,46268.6],[486550.9,46257.3],[486619.3,46221.7],[486625.8,46236.1]]]}},{"type":"Feature","properties":{"parcel":"3214/3","area_m2":2000,"e":486476.83,"n":46464.48},"geometry":{"type":"Polygon","coordinates":[[[486445.8,46488.3],[486456.1,46482.0],[486468.0,46470.7],[486472.2,46467.4],[486472.4,46456.3],[486473.0,46443.8],[486476.2,46434.0],[486479.6,46419.3],[486492.7,46409.9],[486499.6,46401.3],[486514.2,46381.4],[486519.2,46373.0],[486520.2,46357.9],[486520.2,46356.7],[486492.6,46320.9],[486486.5,46317.1],[486472.3,46305.6],[486466.2,46298.6],[486454.5,46284.6],[486456.5,46279.8],[486462.5,46288.1],[486473.4,46301.4],[486487.9,46313],[486500.8,46323.5],[486513.1,46337.6],[486525.3,46358.2],[486523.7,46378.4],[486518.1,46385.1],[486513.8,46391.3],[486511.3,46395.0],[486503.0,46403.6],[486496.8,46410.6],[486483.3,46421.8],[486480.8,46430.6],[486478.5,46439.8],[486477.7,46442.9],[486478.5,46448.1],[486476.7,46455.6],[486480.8,46458.3],[486488.6,46453.7],[486496.9,46448.8],[486507.4,46443.2],[486513.0,46439.4],[486517.8,46436.6],[486532.9,46432.8],[486532.6,46437.4],[486529.9,46437.4],[486527.1,46437.6],[486521.9,46438.1],[486519.3,46438.9],[486513.6,46442.8],[486508.8,46445.4],[486499.4,46452.8],[486493.0,46456.8],[486475.5,46471.5],[486457.7,46486.8],[486451.5,46491.9],[486434.9,46505.3],[486414.5,46508.0],[486392.3,46504.6],[486386.8,46503.7],[486379.1,46506.5],[486370.0,46523.5],[486366.1,46522.7],[486377.2,46503.3],[486387.0,46499.2],[486415.4,46503.1],[486430.3,46497.6],[486436.5,46493.9],[486445.8,46488.3]]]}},{"type":"Feature","properties":{"parcel":"2500","area_m2":3000,"e":486485.14,"n":46334.98},"geometry":{"type":"Polygon","coordinates":[[[486492.6,46320.9],[486520.2,46356.7],[486520.2,46357.9],[486519.2,46373.0],[486514.2,46381.4],[486510.4,46377.4],[486493.5,46358.5],[486485.6,46349.2],[486464.3,46368.1],[486448.3,46382.5],[486416,46412.4],[486408.0,46406.4],[486414.2,46398.6],[486446.0,46361.2],[486464.3,46341.0],[486468.9,46336.2],[486486.5,46317.1],[486492.6,46320.9]]]}},{"type":"Feature","properties":{"parcel":"2503","area_m2":946,"e":486417.87,"n":46362.7},"geometry":{"type":"Polygon","coordinates":[[[486440.5,46342.2],[486405.9,46392.9],[486395.2,46385.3],[486419.0,46343.2],[486425.1,46332.5],[486440.5,46342.2]]]}},{"type":"Feature","properties":{"parcel":"2498","area_m2":3483,"e":486465.11,"n":46388.35},"geometry":{"type":"Polygon","coordinates":[[[486499.6,46401.3],[486487.5,46396.4],[486465.2,46427.5],[486437.2,46414.4],[486428.7,46423.2],[486423.6,46419.0],[486416,46412.4],[486448.3,46382.5],[486464.3,46368.1],[486485.6,46349.2],[486493.5,46358.5],[486510.4,46377.4],[486514.2,46381.4],[486499.6,46401.3]]]}},{"type":"Feature","properties":{"parcel":"2510","area_m2":174,"e":486366.96,"n":46365.46},"geometry":{"type":"Polygon","coordinates":[[[486377.2,46373.6],[486368.8,46373.4],[486358.4,46372.6],[486356.7,46370.5],[486365.2,46357.3],[486377.2,46373.6]]]}},{"type":"Feature","properties":{"parcel":"2511/1","area_m2":1287,"e":486353.21,"n":46400.88},"geometry":{"type":"Polygon","coordinates":[[[486358.4,46372.6],[486368.8,46373.4],[486372.7,46376.7],[486356.7,46387.8],[486376.5,46409.4],[486403.9,46401.6],[486399.1,46410.1],[486403.4,46411.6],[486394.8,46421.6],[486379.2,46424.5],[486360.3,46413.8],[486356.7,46417.9],[486341.5,46399.9],[486344.0,46388.2],[486356.7,46370.5],[486358.4,46372.6]]]}},{"type":"Feature","properties":{"parcel":"2511/3","area_m2":14,"e":486372.98,"n":46375.05},"geometry":{"type":"Polygon","coordinates":[[[486377.2,46373.6],[486372.7,46376.7],[486368.8,46373.4],[486377.2,46373.6]]]}},{"type":"Feature","properties":{"parcel":"2512/2","area_m2":301,"e":486402.55,"n":46395.49},"geometry":{"type":"Polygon","coordinates":[[[486377.2,46373.6],[486395.2,46385.3],[486405.9,46392.9],[486414.2,46398.6],[486403.9,46401.6],[486372.7,46376.7],[486377.2,46373.6]]]}},{"type":"Feature","properties":{"parcel":"2512/1","area_m2":771,"e":486380.31,"n":46393.06},"geometry":{"type":"Polygon","coordinates":[[[486403.9,46401.6],[486376.5,46409.4],[486356.7,46387.8],[486372.7,46376.7],[486403.9,46401.6]]]}},{"type":"Feature","properties":{"parcel":"3250","area_m2":299,"e":486513.17,"n":46400.12},"geometry":{"type":"Polygon","coordinates":[[[486511.3,46395.0],[486513.8,46391.3],[486518.1,46385.1],[486519.1,46389.9],[486522.2,46405.2],[486523.3,46409.3],[486513.0,46415.2],[486503.0,46403.6],[486511.3,46395.0]]]}},{"type":"Feature","properties":{"parcel":"2499","area_m2":385,"e":486482.41,"n":46415.19},"geometry":{"type":"Polygon","coordinates":[[[486492.7,46409.9],[486479.6,46419.3],[486476.2,46434.0],[486470.7,46431.6],[486468.6,46430.0],[486465.2,46427.5],[486487.5,46396.4],[486499.6,46401.3],[486492.7,46409.9]]]}},{"type":"Feature","properties":{"parcel":"2511/2","area_m2":74,"e":486405.74,"n":46404.27},"geometry":{"type":"Polygon","coordinates":[[[486414.2,46398.6],[486408.0,46406.4],[486403.4,46411.6],[486399.1,46410.1],[486403.9,46401.6],[486414.2,46398.6]]]}},{"type":"Feature","properties":{"parcel":"2515/2","area_m2":745,"e":486352,"n":46419.68},"geometry":{"type":"Polygon","coordinates":[[[486343.0,46445.1],[486337.8,46431.0],[486332.7,46409.6],[486340.5,46405.0],[486341.5,46399.9],[486356.7,46417.9],[486376.8,46440.9],[486376.8,46440.9],[486362.1,46442.8],[486358.9,46438.3],[486344.0,46416.5],[486339.1,46422.2],[486349.2,46438.5],[486352.5,46444.0],[486343.0,46445.1]]]}},{"type":"Feature","properties":{"parcel":"2493/2","area_m2":709,"e":486503.32,"n":46413.85},"geometry":{"type":"Polygon","coordinates":[[[486513.0,46415.2],[486523.3,46409.3],[486524.0,46411.6],[486508.1,46421.5],[486486.2,46434.8],[486487.6,46440.9],[486482.1,46445.1],[486485.5,46449.5],[486488.6,46453.7],[486480.8,46458.3],[486476.7,46455.6],[486478.5,46448.1],[486477.7,46442.9],[486478.5,46439.8],[486480.8,46430.6],[486483.3,46421.8],[486496.8,46410.6],[486503.0,46403.6],[486513.0,46415.2]]]}},{"type":"Feature","properties":{"parcel":"2497/2","area_m2":73,"e":486413.51,"n":46412.67},"geometry":{"type":"Polygon","coordinates":[[[486416,46412.4],[486423.6,46419.0],[486403.4,46411.6],[486408.0,46406.4],[486416,46412.4]]]}},{"type":"Feature","properties":{"parcel":"2496","area_m2":429,"e":486508.16,"n":46426.23},"geometry":{"type":"Polygon","coordinates":[[[486524.3,46412.6],[486518.1,46416.5],[486521.3,46422.1],[486526.7,46418.5],[486530.1,46425.5],[486490.8,46440.8],[486489.8,46439.3],[486487.6,46440.9],[486486.2,46434.8],[486508.1,46421.5],[486524.0,46411.6],[486524.3,46412.6]]]}},{"type":"Feature","properties":{"parcel":"2497/1","area_m2":1251,"e":486445.54,"n":46428.4},"geometry":{"type":"Polygon","coordinates":[[[486394.8,46421.6],[486403.4,46411.6],[486423.6,46419.0],[486428.7,46423.2],[486437.2,46414.4],[486465.2,46427.5],[486468.6,46430.0],[486466.1,46434.8],[486454.2,46438.3],[486447.8,46438.4],[486447.9,46447],[486444.9,46450.0],[486426.3,46444.3],[486401.4,46426.2],[486396.8,46422.8],[486394.8,46421.6]],[[486413.1,46419.5],[486404.4,46414.4],[486399.5,46422.0],[486407.3,46427.6],[486413.1,46419.5]],[[486415.2,46425.1],[486411.4,46430.1],[486423.4,46439.4],[486427.3,46434.3],[486415.2,46425.1]]]}},{"type":"Feature","properties":{"parcel":"*158","area_m2":56,"e":486522.95,"n":46417.35},"geometry":{"type":"Polygon","coordinates":[[[486525.7,46414.6],[486527.8,46417.7],[486526.7,46418.5],[486521.3,46422.1],[486518.1,46416.5],[486524.3,46412.6],[486525.7,46414.6]]]}},{"type":"Feature","properties":{"parcel":"2513/3","area_m2":414,"e":486374.25,"n":46429.08},"geometry":{"type":"Polygon","coordinates":[[[486360.3,46413.8],[486379.2,46424.5],[486394.8,46421.6],[486396.8,46422.8],[486386.5,46432.4],[486376.8,46440.9],[486356.7,46417.9],[486360.3,46413.8]]]}},{"type":"Feature","properties":{"parcel":"*120/5","area_m2":90,"e":486405.46,"n":46420.17},"geometry":{"type":"Polygon","coordinates":[[[486413.1,46419.5],[486407.3,46427.6],[486399.5,46422.0],[486404.4,46414.4],[486413.1,46419.5]]]}},{"type":"Feature","properties":{"parcel":"2514/2","area_m2":223,"e":486352.04,"n":46435.39},"geometry":{"type":"Polygon","coordinates":[[[486344.0,46416.5],[486358.9,46438.3],[486362.1,46442.8],[486352.5,46444.0],[486349.2,46438.5],[486339.1,46422.2],[486344.0,46416.5]]]}},{"type":"Feature","properties":{"parcel":"2513/5","area_m2":441,"e":486406.45,"n":46435.47},"geometry":{"type":"Polygon","coordinates":[[[486396.8,46422.8],[486401.4,46426.2],[486426.3,46444.3],[486423.0,46448.2],[486415.2,46442.8],[486409.8,46447.6],[486386.5,46432.4],[486396.8,46422.8]]]}},{"type":"Feature","properties":{"parcel":"*120/4","area_m2":90,"e":486419.33,"n":46432.21},"geometry":{"type":"Polygon","coordinates":[[[486427.3,46434.3],[486423.4,46439.4],[486411.4,46430.1],[486415.2,46425.1],[486427.3,46434.3]]]}},{"type":"Feature","properties":{"parcel":"2493/1","area_m2":312,"e":486498.71,"n":46441.49},"geometry":{"type":"Polygon","coordinates":[[[486532.9,46432.8],[486517.8,46436.6],[486513.0,46439.4],[486507.4,46443.2],[486496.9,46448.8],[486493.1,46443.8],[486490.8,46440.8],[486530.1,46425.5],[486532.9,46432.8]]]}},{"type":"Feature","properties":{"parcel":"*120/3","area_m2":491,"e":486460.53,"n":46443.15},"geometry":{"type":"Polygon","coordinates":[[[486447.9,46447],[486447.8,46438.4],[486454.2,46438.3],[486466.1,46434.8],[486468.6,46430.0],[486470.7,46431.6],[486476.2,46434.0],[486473.0,46443.8],[486472.4,46456.3],[486467.2,46455.7],[486462.7,46455.3],[486444.9,46450.0],[486447.9,46447]]]}},{"type":"Feature","properties":{"parcel":"2513/4","area_m2":537,"e":486397.82,"n":46449.24},"geometry":{"type":"Polygon","coordinates":[[[486386.5,46432.4],[486409.8,46447.6],[486413.8,46450.3],[486418.8,46453.2],[486409.1,46466.1],[486378.5,46442.8],[486376.8,46440.9],[486386.5,46432.4]]]}},{"type":"Feature","properties":{"parcel":"*157","area_m2":112,"e":486488.59,"n":46445.61},"geometry":{"type":"Polygon","coordinates":[[[486489.8,46439.3],[486490.8,46440.8],[486493.1,46443.8],[486496.9,46448.8],[486488.6,46453.7],[486485.5,46449.5],[486482.1,46445.1],[486487.6,46440.9],[486489.8,46439.3]]]}},{"type":"Feature","properties":{"parcel":"2514/1","area_m2":504,"e":486368.41,"n":46459.16},"geometry":{"type":"Polygon","coordinates":[[[486362.1,46442.8],[486365.3,46447.3],[486370.5,46443.5],[486384.3,46461.7],[486381.4,46470.5],[486372.2,46475.6],[486352.5,46444.0],[486362.1,46442.8]]]}},{"type":"Feature","properties":{"parcel":"*121/1","area_m2":90,"e":486416.4,"n":46447.99},"geometry":{"type":"Polygon","coordinates":[[[486418.8,46453.2],[486413.8,46450.3],[486409.8,46447.6],[486415.2,46442.8],[486423.0,46448.2],[486418.8,46453.2]]]}},{"type":"Feature","properties":{"parcel":"2513/6","area_m2":797,"e":486435.57,"n":46457.37},"geometry":{"type":"Polygon","coordinates":[[[486426.3,46444.3],[486444.9,46450.0],[486462.7,46455.3],[486467.2,46455.7],[486472.4,46456.3],[486472.2,46467.4],[486468.0,46470.7],[486461.3,46470.8],[486461.2,46462.8],[486455.8,46463.3],[486433.8,46465.3],[486434.7,46471.4],[486435.0,46474.2],[486418.8,46453.2],[486423.0,46448.2],[486426.3,46444.3]]]}},{"type":"Feature","properties":{"parcel":"2526/3","area_m2":194,"e":486503.83,"n":46454.17},"geometry":{"type":"Polygon","coordinates":[[[486514.6,46457.4],[486506.6,46458.7],[486495.7,46462.9],[486493.0,46456.8],[486499.4,46452.8],[486508.8,46445.4],[486514.6,46457.4]]]}},{"type":"Feature","properties":{"parcel":"2515/1","area_m2":1834,"e":486386.54,"n":46472.12},"geometry":{"type":"Polygon","coordinates":[[[486380.3,46489.6],[486357.2,46471.4],[486356.6,46470.3],[486343.0,46445.1],[486352.5,46444.0],[486372.2,46475.6],[486381.4,46470.5],[486384.3,46461.7],[486370.5,46443.5],[486365.3,46447.3],[486362.1,46442.8],[486376.8,46440.9],[486376.8,46440.9],[486378.5,46442.8],[486409.1,46466.1],[486424.6,46472.8],[486416.0,46474.1],[486411.6,46487.4],[486413.0,46493.0],[486414.0,46497.7],[486415.4,46503.1],[486380.3,46489.6]],[[486392.4,46455.6],[486389.7,46461.2],[486396.4,46466.4],[486400.0,46460.9],[486392.4,46455.6]]]}},{"type":"Feature","properties":{"parcel":"2513/7","area_m2":228,"e":486420.46,"n":46465.85},"geometry":{"type":"Polygon","coordinates":[[[486418.8,46453.2],[486435.0,46474.2],[486435.1,46475.7],[486430.8,46475.3],[486424.6,46472.8],[486409.1,46466.1],[486418.8,46453.2]]]}},{"type":"Feature","properties":{"parcel":"*123","area_m2":74,"e":486394.84,"n":46460.98},"geometry":{"type":"Polygon","coordinates":[[[486400.0,46460.9],[486396.4,46466.4],[486389.7,46461.2],[486392.4,46455.6],[486400.0,46460.9]]]}},{"type":"Feature","properties":{"parcel":"3312","area_m2":441,"e":486488.39,"n":46469.92},"geometry":{"type":"Polygon","coordinates":[[[486495.7,46462.9],[486502.3,46477.2],[486480.0,46479.2],[486457.7,46486.8],[486475.5,46471.5],[486493.0,46456.8],[486495.7,46462.9]]]}},{"type":"Feature","properties":{"parcel":"2527/1","area_m2":1702,"e":486523.15,"n":46493.71},"geometry":{"type":"Polygon","coordinates":[[[486502.3,46477.2],[486495.7,46462.9],[486506.6,46458.7],[486514.6,46457.4],[486522.6,46460.3],[486532.2,46480.4],[486535.5,46487.1],[486539.0,46493.6],[486546.2,46515.2],[486550.6,46526.0],[486542.7,46530.0],[486520.8,46514.4],[486508.0,46488.6],[486505,46482.9],[486502.3,46477.2]],[[486504.2,46476.5],[486513.7,46472.3],[486511.4,46466.6],[486502.0,46470.8],[486504.2,46476.5]]]}},{"type":"Feature","properties":{"parcel":"3319","area_m2":493,"e":486450.94,"n":46475.55},"geometry":{"type":"Polygon","coordinates":[[[486434.7,46471.4],[486433.8,46465.3],[486455.8,46463.3],[486461.2,46462.8],[486461.3,46470.8],[486468.0,46470.7],[486456.1,46482.0],[486445.8,46488.3],[486435.0,46474.2],[486434.7,46471.4]]]}},{"type":"Feature","properties":{"parcel":"*152","area_m2":71,"e":486507.84,"n":46471.56},"geometry":{"type":"Polygon","coordinates":[[[486513.7,46472.3],[486504.2,46476.5],[486502.0,46470.8],[486511.4,46466.6],[486513.7,46472.3]]]}},{"type":"Feature","properties":{"parcel":"2788/1","area_m2":1280,"e":486346.76,"n":46505.93},"geometry":{"type":"Polygon","coordinates":[[[486347.2,46467.1],[486365.2,46500.9],[486356,46522.9],[486364.4,46526.4],[486343.5,46537.3],[486338.8,46532.7],[486335.6,46536.0],[486338.5,46538.8],[486338.9,46538.3],[486339.8,46539.2],[486329,46544.8],[486347.6,46511.0],[486337.0,46506.6],[486341.7,46489.6],[486328.3,46488.3],[486347.2,46467.1]]]}},{"type":"Feature","properties":{"parcel":"2788/9","area_m2":641,"e":486375.37,"n":46493.82},"geometry":{"type":"Polygon","coordinates":[[[486380.3,46489.6],[486415.4,46503.1],[486387.0,46499.2],[486377.2,46503.3],[486366.1,46522.7],[486360.3,46521.3],[486369.5,46498.7],[486360.2,46483.6],[486364.8,46484.4],[486357.2,46471.4],[486380.3,46489.6]]]}},{"type":"Feature","properties":{"parcel":"*122","area_m2":548,"e":486423.22,"n":46487.56},"geometry":{"type":"Polygon","coordinates":[[[486416.0,46474.1],[486424.6,46472.8],[486430.8,46475.3],[486431.6,46484.8],[486435.8,46483.8],[486436.5,46493.9],[486430.3,46497.6],[486415.4,46503.1],[486414.0,46497.7],[486413.0,46493.0],[486411.6,46487.4],[486416.0,46474.1]]]}},{"type":"Feature","properties":{"parcel":"3320","area_m2":131,"e":486438.32,"n":46484.05},"geometry":{"type":"Polygon","coordinates":[[[486435.1,46475.7],[486435.0,46474.2],[486445.8,46488.3],[486436.5,46493.9],[486435.8,46483.8],[486431.6,46484.8],[486430.8,46475.3],[486435.1,46475.7]]]}},{"type":"Feature","properties":{"parcel":"3311","area_m2":302,"e":486478.26,"n":46485.8},"geometry":{"type":"Polygon","coordinates":[[[486454.6,46492.5],[486452.8,46493.7],[486451.5,46491.9],[486457.7,46486.8],[486480.0,46479.2],[486502.3,46477.2],[486505,46482.9],[486481.3,46485.4],[486469.2,46488.2],[486455.7,46494.4],[486454.6,46492.5]]]}},{"type":"Feature","properties":{"parcel":"3310","area_m2":4054,"e":486493.59,"n":46512.56},"geometry":{"type":"Polygon","coordinates":[[[486461.8,46505.0],[486455.7,46494.4],[486469.2,46488.2],[486481.3,46485.4],[486505,46482.9],[486508.0,46488.6],[486520.8,46514.4],[486534.3,46539.2],[486542.3,46554.3],[486530.9,46556.7],[486527.7,46557.0],[486525.2,46569.7],[486517.3,46577.0],[486515.2,46577.8],[486483.7,46539.8],[486481.8,46537.5],[486464.6,46509.5],[486461.8,46505.0]]]}},{"type":"Feature","properties":{"parcel":"3309","area_m2":49,"e":486449.19,"n":46496.07},"geometry":{"type":"Polygon","coordinates":[[[486452.8,46493.7],[486454.6,46492.5],[486455.7,46494.4],[486434.9,46505.3],[486451.5,46491.9],[486452.8,46493.7]]]}},{"type":"Feature","properties":{"parcel":"3308","area_m2":656,"e":486451.01,"n":46508.34},"geometry":{"type":"Polygon","coordinates":[[[486455.7,46494.4],[486461.8,46505.0],[486464.6,46509.5],[486453.3,46517.5],[486446.3,46520.3],[486442.5,46523.3],[486438.7,46526.2],[486430.2,46517.1],[486423.6,46522.2],[486421.2,46519.7],[486434.9,46505.3],[486455.7,46494.4]]]}},{"type":"Feature","properties":{"parcel":"2788/10","area_m2":364,"e":486384.93,"n":46513.96},"geometry":{"type":"Polygon","coordinates":[[[486377.9,46520.7],[486370.0,46523.5],[486379.1,46506.5],[486386.8,46503.7],[486392.3,46504.6],[486399.9,46514.2],[486395.3,46524.2],[486389.5,46520.0],[486377.9,46520.7]]]}},{"type":"Feature","properties":{"parcel":"3214/1","area_m2":460,"e":486413.58,"n":46514.89},"geometry":{"type":"Polygon","coordinates":[[[486414.5,46508.0],[486434.9,46505.3],[486421.2,46519.7],[486417.7,46523],[486415.2,46521.3],[486410.5,46525.2],[486405.7,46524.3],[486399.9,46514.2],[486392.3,46504.6],[486414.5,46508.0]]]}},{"type":"Feature","properties":{"parcel":"2521","area_m2":2583,"e":486486.55,"n":46567.16},"geometry":{"type":"Polygon","coordinates":[[[486423.6,46522.2],[486430.2,46517.1],[486438.7,46526.2],[486442.5,46523.3],[486446.3,46520.3],[486453.3,46517.5],[486464.6,46509.5],[486481.8,46537.5],[486483.7,46539.8],[486515.2,46577.8],[486512.5,46580.4],[486508.9,46583.8],[486501.0,46587.8],[486493.9,46592.0],[486491.4,46593.4],[486464.2,46556.9],[486447.5,46543.9],[486435.3,46534.6],[486428.3,46527.1],[486423.6,46522.2]],[[486469.6,46542.7],[486476.7,46552.6],[486482,46548.7],[486474.8,46538.9],[486469.6,46542.7]]]}},{"type":"Feature","properties":{"parcel":"2516/2","area_m2":1164,"e":486402.68,"n":46542.03},"geometry":{"type":"Polygon","coordinates":[[[486395.3,46524.2],[486399.9,46514.2],[486405.7,46524.3],[486408.9,46531.2],[486413.2,46540.5],[486406.6,46555.0],[486421.1,46561.5],[486416.7,46578.8],[486443.0,46594.4],[486448.5,46594.6],[486452.1,46594.7],[486452.3,46600.5],[486433.4,46603.2],[486422.0,46596.5],[486418.5,46599.9],[486380.4,46579.2],[486373.4,46567.5],[486366.7,46557.6],[486364.1,46555.6],[486378.3,46541.8],[486387.8,46524.6],[486395.3,46524.2]],[[486425.0,46593.1],[486396.9,46556.8],[486400.2,46552.4],[486393.3,46545.3],[486379.6,46559.3],[486398.2,46581.5],[486405.7,46588.4],[486422.0,46596.5],[486425.0,46593.1]]]}},{"type":"Feature","properties":{"parcel":"*114/1","area_m2":172,"e":486420.25,"n":46527.69},"geometry":{"type":"Polygon","coordinates":[[[486421.2,46519.7],[486423.6,46522.2],[486428.3,46527.1],[486424.8,46530.4],[486419.3,46535.7],[486413.8,46530.0],[486412.2,46528.2],[486417.7,46523],[486421.2,46519.7]]]}},{"type":"Feature","properties":{"parcel":"2517","area_m2":2934,"e":486448.57,"n":46561.37},"geometry":{"type":"Polygon","coordinates":[[[486413.8,46530.0],[486419.3,46535.7],[486424.8,46530.4],[486428.3,46527.1],[486435.3,46534.6],[486447.5,46543.9],[486464.2,46556.9],[486491.4,46593.4],[486477.3,46601.4],[486473.6,46587.8],[486447.9,46592.9],[486448.5,46594.6],[486443.0,46594.4],[486416.7,46578.8],[486421.1,46561.5],[486406.6,46555.0],[486413.2,46540.5],[486408.9,46531.2],[486405.7,46524.3],[486410.5,46525.2],[486415.2,46521.3],[486417.7,46523],[486412.2,46528.2],[486413.8,46530.0]],[[486449.9,46559.8],[486454.7,46566.2],[486458.9,46563.1],[486454.1,46556.7],[486449.9,46559.8]]]}},{"type":"Feature","properties":{"parcel":"2788/4","area_m2":517,"e":486373.15,"n":46532.56},"geometry":{"type":"Polygon","coordinates":[[[486375.3,46524.9],[486385.0,46524.5],[486387.8,46524.6],[486378.3,46541.8],[486364.1,46555.6],[486366.7,46557.6],[486362.8,46560.9],[486354.3,46567.6],[486359.4,46546.3],[486368.0,46527.2],[486375.3,46524.9]],[[486365.1,46545.3],[486368.9,46546.1],[486370.4,46539.2],[486366.6,46538.3],[486365.1,46545.3]]]}},{"type":"Feature","properties":{"parcel":"2788/7","area_m2":150,"e":486353.07,"n":46559.85},"geometry":{"type":"Polygon","coordinates":[[[486364.4,46526.4],[486368.0,46527.2],[486359.4,46546.3],[486354.3,46567.6],[486349.6,46563.1],[486360.7,46533.5],[486364.4,46526.4]]]}},{"type":"Feature","properties":{"parcel":"2788/8","area_m2":130,"e":486346.69,"n":46537.54},"geometry":{"type":"Polygon","coordinates":[[[486364.4,46526.4],[486360.7,46533.5],[486332.2,46548.7],[486329,46544.8],[486339.8,46539.2],[486341.0,46540.5],[486344.1,46537.7],[486343.5,46537.3],[486364.4,46526.4]]]}},{"type":"Feature","properties":{"parcel":"*172","area_m2":30,"e":486339.85,"n":46536.62},"geometry":{"type":"Polygon","coordinates":[[[486344.1,46537.7],[486341.0,46540.5],[486339.8,46539.2],[486338.9,46538.3],[486338.5,46538.8],[486335.6,46536.0],[486338.8,46532.7],[486343.5,46537.3],[486344.1,46537.7]]]}},{"type":"Feature","properties":{"parcel":"2788/5","area_m2":350,"e":486346.44,"n":46548.29},"geometry":{"type":"Polygon","coordinates":[[[486360.7,46533.5],[486349.6,46563.1],[486332.2,46548.7],[486360.7,46533.5]]]}},{"type":"Feature","properties":{"parcel":"*147","area_m2":30,"e":486368.08,"n":46540.77},"geometry":{"type":"Polygon","coordinates":[[[486370.4,46539.2],[486368.9,46546.1],[486365.1,46545.3],[486366.6,46538.3],[486370.4,46539.2]]]}},{"type":"Feature","properties":{"parcel":"*116","area_m2":94,"e":486475.78,"n":46545.71},"geometry":{"type":"Polygon","coordinates":[[[486482,46548.7],[486476.7,46552.6],[486469.6,46542.7],[486474.8,46538.9],[486482,46548.7]]]}},{"type":"Feature","properties":{"parcel":"2516/1","area_m2":1592,"e":486402.28,"n":46570.89},"geometry":{"type":"Polygon","coordinates":[[[486405.7,46588.4],[486398.2,46581.5],[486379.6,46559.3],[486393.3,46545.3],[486400.2,46552.4],[486396.9,46556.8],[486425.0,46593.1],[486422.0,46596.5],[486405.7,46588.4]]]}},{"type":"Feature","properties":{"parcel":"*114/2","area_m2":52,"e":486454.42,"n":46561.47},"geometry":{"type":"Polygon","coordinates":[[[486458.9,46563.1],[486454.7,46566.2],[486449.9,46559.8],[486454.1,46556.7],[486458.9,46563.1]]]}},{"type":"Feature","properties":{"parcel":"2785","area_m2":191,"e":486343.42,"n":46578.59},"geometry":{"type":"Polygon","coordinates":[[[486353.0,46577.8],[486349.2,46587.5],[486333.8,46579.9],[486338.3,46569.6],[486353.0,46577.8]]]}},{"type":"Feature","properties":{"parcel":"3213","area_m2":627,"e":486365.12,"n":46565.27},"geometry":{"type":"Polygon","coordinates":[[[486353.0,46577.8],[486354.3,46567.6],[486362.8,46560.9],[486366.7,46557.6],[486373.4,46567.5],[486356.6,46579.6],[486347.6,46608.0],[486341.8,46623.2],[486339.5,46625.9],[486324.4,46639.3],[486320.7,46628.8],[486330.5,46625.5],[486338.6,46617.1],[486349.2,46587.5],[486353.0,46577.8]]]}},{"type":"Feature","properties":{"parcel":"2537","area_m2":550,"e":486566.59,"n":46583.66},"geometry":{"type":"Polygon","coordinates":[[[486551.7,46562.7],[486589.3,46598.7],[486579.9,46604.7],[486543.8,46570.2],[486551.7,46562.7]]]}},{"type":"Feature","properties":{"parcel":"2752","area_m2":2880,"e":486390.49,"n":46605.79},"geometry":{"type":"Polygon","coordinates":[[[486356.6,46579.6],[486373.4,46567.5],[486380.4,46579.2],[486418.5,46599.9],[486422.0,46596.5],[486433.4,46603.2],[486425.5,46603.7],[486414.8,46604.7],[486400.5,46617.9],[486389.9,46644.0],[486347.6,46608.0],[486356.6,46579.6]]]}},{"type":"Feature","properties":{"parcel":"2536","area_m2":647,"e":486542.3,"n":46577.48},"geometry":{"type":"Polygon","coordinates":[[[486543.8,46570.2],[486579.9,46604.7],[486570.4,46611.1],[486525.2,46569.7],[486543.8,46570.2]]]}},{"type":"Feature","properties":{"parcel":"2535/2","area_m2":827,"e":486526.45,"n":46578.6},"geometry":{"type":"Polygon","coordinates":[[[486525.2,46569.7],[486570.4,46611.1],[486575.8,46625.3],[486570.1,46626.5],[486517.3,46577.0],[486525.2,46569.7]]]}},{"type":"Feature","properties":{"parcel":"2535/1","area_m2":367,"e":486521.51,"n":46584.91},"geometry":{"type":"Polygon","coordinates":[[[486515.2,46577.8],[486517.3,46577.0],[486570.1,46626.5],[486564.1,46627.7],[486512.5,46580.4],[486515.2,46577.8]]]}},{"type":"Feature","properties":{"parcel":"2731","area_m2":773,"e":486662.9,"n":46595.02},"geometry":{"type":"Polygon","coordinates":[[[486687.8,46596.4],[486673.7,46610.1],[486640.8,46604.6],[486638.0,46601.3],[486677.7,46579.9],[486687.8,46596.4]]]}},{"type":"Feature","properties":{"parcel":"2534","area_m2":327,"e":486514.1,"n":46584.98},"geometry":{"type":"Polygon","coordinates":[[[486512.5,46580.4],[486564.1,46627.7],[486557.0,46628.9],[486508.9,46583.8],[486512.5,46580.4]]]}},{"type":"Feature","properties":{"parcel":"2533","area_m2":446,"e":486528.97,"n":46606.98},"geometry":{"type":"Polygon","coordinates":[[[486508.9,46583.8],[486557.0,46628.9],[486551.2,46630.1],[486501.0,46587.8],[486508.9,46583.8]]]}},{"type":"Feature","properties":{"parcel":"2532","area_m2":266,"e":486502.83,"n":46594.38},"geometry":{"type":"Polygon","coordinates":[[[486493.9,46592.0],[486501.0,46587.8],[486551.2,46630.1],[486521.6,46608.8],[486507.8,46604.7],[486493.9,46592.0]]]}},{"type":"Feature","properties":{"parcel":"2518","area_m2":258,"e":486462.64,"n":46594.61},"geometry":{"type":"Polygon","coordinates":[[[486447.9,46592.9],[486473.6,46587.8],[486477.3,46601.4],[486452.3,46600.5],[486452.1,46594.7],[486448.5,46594.6],[486447.9,46592.9]]]}},{"type":"Feature","properties":{"parcel":"2531","area_m2":140,"e":486492.58,"n":46598.36},"geometry":{"type":"Polygon","coordinates":[[[486493.9,46592.0],[486507.8,46604.7],[486477.3,46601.4],[486491.4,46593.4],[486493.9,46592.0]]]}},{"type":"Feature","properties":{"parcel":"2538","area_m2":514,"e":486581.89,"n":46613.67},"geometry":{"type":"Polygon","coordinates":[[[486589.3,46598.7],[486607.2,46613.1],[486598.1,46617.0],[486575.8,46625.3],[486570.4,46611.1],[486579.9,46604.7],[486589.3,46598.7]]]}},{"type":"Feature","properties":{"parcel":"2733","area_m2":367,"e":486635.31,"n":46623.48},"geometry":{"type":"Polygon","coordinates":[[[486638.0,46601.3],[486640.8,46604.6],[486638.5,46634.3],[486639,46645.6],[486629.8,46642.4],[486633.0,46604.5],[486638.0,46601.3]]]}},{"type":"Feature","properties":{"parcel":"2734","area_m2":205,"e":486628.75,"n":46623.44},"geometry":{"type":"Polygon","coordinates":[[[486629.8,46642.4],[486624.5,46640.0],[486627.8,46607.7],[486633.0,46604.5],[486629.8,46642.4]]]}},{"type":"Feature","properties":{"parcel":"2732","area_m2":619,"e":486651.98,"n":46626.93},"geometry":{"type":"Polygon","coordinates":[[[486681.6,46637.1],[486638.5,46634.3],[486640.8,46604.6],[486681.6,46637.1]]]}},{"type":"Feature","properties":{"parcel":"2729","area_m2":1147,"e":486669.45,"n":46617.44},"geometry":{"type":"Polygon","coordinates":[[[486673.7,46610.1],[486693.5,46638.6],[486676.9,46643.9],[486661.0,46644.4],[486639,46645.6],[486638.5,46634.3],[486681.6,46637.1],[486640.8,46604.6],[486673.7,46610.1]]]}},{"type":"Feature","properties":{"parcel":"2735","area_m2":115,"e":486624.95,"n":46617.82},"geometry":{"type":"Polygon","coordinates":[[[486624.5,46640.0],[486622.6,46639.3],[486621.3,46638.8],[486623.4,46611.4],[486627.8,46607.7],[486624.5,46640.0]]]}},{"type":"Feature","properties":{"parcel":"2753","area_m2":2996,"e":486361.25,"n":46649.9},"geometry":{"type":"Polygon","coordinates":[[[486339.5,46625.9],[486341.8,46623.2],[486347.6,46608.0],[486389.9,46644.0],[486375.3,46680.2],[486360.7,46682.5],[486336.6,46666.1],[486324.4,46639.3],[486339.5,46625.9]]]}},{"type":"Feature","properties":{"parcel":"2749","area_m2":1208,"e":486410.64,"n":46645.11},"geometry":{"type":"Polygon","coordinates":[[[486472.2,46614.5],[486484.7,46609.2],[486489.3,46613.2],[486392.5,46661.4],[486398.7,46644.5],[486437.0,46627.3],[486472.2,46614.5]]]}},{"type":"Feature","properties":{"parcel":"2750","area_m2":435,"e":486439.79,"n":46619.36},"geometry":{"type":"Polygon","coordinates":[[[486450.9,46610.9],[486484.7,46609.2],[486472.2,46614.5],[486437.0,46627.3],[486429.4,46612.7],[486450.9,46610.9]]]}},{"type":"Feature","properties":{"parcel":"2736","area_m2":104,"e":486620.52,"n":46625.09},"geometry":{"type":"Polygon","coordinates":[[[486623.4,46611.4],[486621.3,46638.8],[486617.6,46637.3],[486617.9,46635.7],[486620.2,46614.0],[486623.4,46611.4]]]}},{"type":"Feature","properties":{"parcel":"2751","area_m2":658,"e":486417.82,"n":46628.6},"geometry":{"type":"Polygon","coordinates":[[[486437.0,46627.3],[486398.7,46644.5],[486406.3,46620.7],[486429.4,46612.7],[486437.0,46627.3]]]}},{"type":"Feature","properties":{"parcel":"2748","area_m2":1054,"e":486442.9,"n":46642.41},"geometry":{"type":"Polygon","coordinates":[[[486493.3,46616.6],[486474.4,46628.5],[486464.4,46634.7],[486456.7,46639.6],[486395.7,46671.6],[486392.5,46661.4],[486489.3,46613.2],[486493.3,46616.6]]]}},{"type":"Feature","properties":{"parcel":"2737","area_m2":191,"e":486613.21,"n":46624.95},"geometry":{"type":"Polygon","coordinates":[[[486620.2,46614.0],[486617.9,46635.7],[486606.3,46635.8],[486609.2,46622.5],[486620.2,46614.0]]]}},{"type":"Feature","properties":{"parcel":"2746","area_m2":845,"e":486495.65,"n":46634.52},"geometry":{"type":"Polygon","coordinates":[[[486493.3,46616.6],[486516.9,46628.1],[486501.3,46652.4],[486474.4,46628.5],[486493.3,46616.6]]]}},{"type":"Feature","properties":{"parcel":"2745","area_m2":777,"e":486524.98,"n":46640.24},"geometry":{"type":"Polygon","coordinates":[[[486548.6,46637.8],[486541.0,46648.6],[486501.3,46652.4],[486516.9,46628.1],[486548.6,46637.8]]]}},{"type":"Feature","properties":{"parcel":"2741","area_m2":2139,"e":486570.47,"n":46679.28},"geometry":{"type":"Polygon","coordinates":[[[486592.3,46628.8],[486589.5,46639.7],[486574.7,46729.8],[486548.6,46637.8],[486592.3,46628.8]]]}},{"type":"Feature","properties":{"parcel":"2756","area_m2":209,"e":486468.22,"n":46647.39},"geometry":{"type":"Polygon","coordinates":[[[486464.4,46634.7],[486479.8,46655.6],[486473.0,46660.1],[486456.7,46639.6],[486464.4,46634.7]]]}},{"type":"Feature","properties":{"parcel":"2728","area_m2":982,"e":486639.09,"n":46672.12},"geometry":{"type":"Polygon","coordinates":[[[486661.0,46644.4],[486631.9,46699.8],[486617.2,46698.1],[486639,46645.6],[486661.0,46644.4]]]}},{"type":"Feature","properties":{"parcel":"2759/1","area_m2":460,"e":486433.02,"n":46684.04},"geometry":{"type":"Polygon","coordinates":[[[486424.8,46663.8],[486449.5,46697.9],[486439.4,46704.3],[486416.5,46669.9],[486424.8,46663.8]]]}},{"type":"Feature","properties":{"parcel":"2739","area_m2":1252,"e":486580.7,"n":46768.47},"geometry":{"type":"Polygon","coordinates":[[[486609.2,46622.5],[486606.3,46635.8],[486578.3,46809.3],[486574.9,46794.7],[486572.7,46789.5],[486600.9,46639.6],[486603.5,46627.7],[486609.2,46622.5]]]}},{"type":"Feature","properties":{"parcel":"2740","area_m2":1592,"e":486591.97,"n":46658.05},"geometry":{"type":"Polygon","coordinates":[[[486603.5,46627.7],[486600.9,46639.6],[486572.7,46789.5],[486570.6,46784.3],[486566.5,46777.8],[486572.0,46747.8],[486574.7,46729.8],[486589.5,46639.7],[486592.3,46628.8],[486603.5,46627.7]]]}},{"type":"Feature","properties":{"parcel":"2747","area_m2":3853,"e":486518.18,"n":46703.11},"geometry":{"type":"Polygon","coordinates":[[[486479.8,46655.6],[486464.4,46634.7],[486474.4,46628.5],[486501.3,46652.4],[486572.0,46747.8],[486566.5,46777.8],[486558.2,46764.2],[486473.0,46660.1],[486479.8,46655.6]]]}},{"type":"Feature","properties":{"parcel":"2738/1","area_m2":3625,"e":486600.49,"n":46741.54},"geometry":{"type":"Polygon","coordinates":[[[486617.9,46635.7],[486617.6,46637.3],[486621.3,46638.8],[486622.6,46639.3],[486607.0,46696.8],[486614.5,46698.5],[486601.3,46822.8],[486604,46833.3],[486608.1,46844.8],[486603.7,46847.3],[486594.0,46845.2],[486578.3,46809.3],[486606.3,46635.8],[486617.9,46635.7]]]}},{"type":"Feature","properties":{"parcel":"2743","area_m2":946,"e":486557.84,"n":46692.83},"geometry":{"type":"Polygon","coordinates":[[[486548.6,46637.8],[486574.7,46729.8],[486572.0,46747.8],[486541.0,46648.6],[486548.6,46637.8]]]}},{"type":"Feature","properties":{"parcel":"2738/2","area_m2":3498,"e":486620.17,"n":46744.84},"geometry":{"type":"Polygon","coordinates":[[[486624.5,46640.0],[486629.8,46642.4],[486639,46645.6],[486617.2,46698.1],[486631.9,46699.8],[486625.1,46749.4],[486623.5,46776.9],[486623.2,46836.3],[486625.6,46850.4],[486611.9,46843.8],[486608.1,46844.8],[486604,46833.3],[486601.3,46822.8],[486614.5,46698.5],[486607.0,46696.8],[486622.6,46639.3],[486624.5,46640.0]]]}},{"type":"Feature","properties":{"parcel":"2754","area_m2":2788,"e":486442.77,"n":46780.14},"geometry":{"type":"Polygon","coordinates":[[[486393.7,46689.7],[486383.6,46688.4],[486392.5,46661.4],[486395.7,46671.6],[486456.7,46639.6],[486443.7,46648.9],[486438.1,46653.0],[486431.6,46658.4],[486424.8,46663.8],[486416.5,46669.9],[486407.3,46676.8],[486399.5,46683.4],[486473.8,46819.5],[486458.0,46816.5],[486450.2,46810.4],[486445.7,46802.3],[486444.5,46795.5],[486441.7,46790.3],[486435.3,46786.4],[486421.0,46761.7],[486415.5,46748.9],[486393.7,46689.7]]]}},{"type":"Feature","properties":{"parcel":"2755","area_m2":3082,"e":486507.17,"n":46713.64},"geometry":{"type":"Polygon","coordinates":[[[486456.7,46639.6],[486473.0,46660.1],[486558.2,46764.2],[486566.5,46777.8],[486570.6,46784.3],[486564.9,46783.9],[486557.7,46783.2],[486552.2,46787.7],[486525.5,46753.1],[486500.9,46722.9],[486443.7,46648.9],[486456.7,46639.6]]]}},{"type":"Feature","properties":{"parcel":"2726","area_m2":7133,"e":486650.63,"n":46747.99},"geometry":{"type":"Polygon","coordinates":[[[486661.0,46644.4],[486676.9,46643.9],[486666.4,46655.7],[486657.0,46668.2],[486661.4,46749.1],[486666.0,46769.0],[486671.6,46793.8],[486678.0,46844.7],[486674.6,46845.1],[486669.7,46849.9],[486651.8,46848.2],[486629.8,46852.1],[486625.6,46850.4],[486623.2,46836.3],[486623.5,46776.9],[486625.1,46749.4],[486631.9,46699.8],[486661.0,46644.4]]]}},{"type":"Feature","properties":{"parcel":"2744","area_m2":2041,"e":486532.24,"n":46667.22},"geometry":{"type":"Polygon","coordinates":[[[486541.0,46648.6],[486572.0,46747.8],[486501.3,46652.4],[486541.0,46648.6]]]}},{"type":"Feature","properties":{"parcel":"2757","area_m2":1024,"e":486495.14,"n":46720.37},"geometry":{"type":"Polygon","coordinates":[[[486443.7,46648.9],[486500.9,46722.9],[486525.5,46753.1],[486552.2,46787.7],[486547.7,46791.9],[486438.1,46653.0],[486443.7,46648.9]]]}},{"type":"Feature","properties":{"parcel":"2758/2","area_m2":2074,"e":486536.83,"n":46789.07},"geometry":{"type":"Polygon","coordinates":[[[486438.1,46653.0],[486547.7,46791.9],[486544.8,46799.0],[486539.7,46803.1],[486431.6,46658.4],[486438.1,46653.0]]]}},{"type":"Feature","properties":{"parcel":"2758/1","area_m2":1906,"e":486482.29,"n":46734.38},"geometry":{"type":"Polygon","coordinates":[[[486449.5,46697.9],[486424.8,46663.8],[486431.6,46658.4],[486539.7,46803.1],[486530.5,46810.3],[486466.0,46720.7],[486449.5,46697.9]]]}},{"type":"Feature","properties":{"parcel":"2760/2","area_m2":780,"e":486428.42,"n":46698.2},"geometry":{"type":"Polygon","coordinates":[[[486416.5,46669.9],[486439.4,46704.3],[486455.6,46727.4],[486445.1,46734.6],[486407.3,46676.8],[486416.5,46669.9]]]}},{"type":"Feature","properties":{"parcel":"3212","area_m2":2210,"e":486351.24,"n":46747.58},"geometry":{"type":"Polygon","coordinates":[[[486603.7,46847.3],[486621.8,46851.0],[486629.8,46852.1],[486655.5,46851.9],[486677.7,46856.6],[486700.1,46858.4],[486683.3,46861.8],[486655.7,46857.1],[486636.5,46855.7],[486606.0,46852.1],[486592.3,46850.0],[486581.7,46840.0],[486568.7,46797],[486562.5,46791.6],[486557.3,46791.9],[486555.1,46794.2],[486545.3,46807.6],[486537.4,46812.1],[486534.3,46815.7],[486516.8,46822.5],[486500.8,46827],[486485.3,46827.8],[486468.7,46823.0],[486459.9,46823.0],[486434.7,46810.5],[486420.6,46789.5],[486405.8,46784.1],[486401.5,46783.5],[486391.5,46782.3],[486384.8,46780.7],[486370.6,46770.3],[486349.0,46754.3],[486344.9,46745.5],[486339.4,46735.5],[486335.8,46725.7],[486332.0,46716.3],[486327.0,46705.0],[486318.4,46686.5],[486323.4,46676.8],[486327.2,46677.6],[486335.8,46712.0],[486340.8,46723.0],[486356.2,46746.8],[486359.8,46757.5],[486388.0,46777.4],[486398.8,46778.5],[486401.9,46779.3],[486406.1,46780.5],[486422.2,46786.9],[486430.5,46793.7],[486437.8,46807.3],[486445.2,46810.8],[486458.0,46816.5],[486473.8,46819.5],[486484.2,46823.1],[486499.5,46822.6],[486518.1,46818.4],[486531.8,46812.8],[486540.8,46805.8],[486547.4,46799.0],[486554.0,46789.2],[486565.6,46787.0],[486570.7,46793.1],[486574.4,46800.3],[486578.6,46814.6],[486585.5,46838.1],[486594.0,46845.2],[486603.7,46847.3]]]}},{"type":"Feature","properties":{"parcel":"2761","area_m2":2810,"e":486449.01,"n":46749.97},"geometry":{"type":"Polygon","coordinates":[[[486445.1,46734.6],[486485.5,46795.2],[486498.6,46819.6],[486484.2,46823.1],[486473.8,46819.5],[486399.5,46683.4],[486407.3,46676.8],[486445.1,46734.6]]]}},{"type":"Feature","properties":{"parcel":"2770","area_m2":426,"e":486340.58,"n":46694.8},"geometry":{"type":"Polygon","coordinates":[[[486354.0,46692.6],[486335.8,46712.0],[486327.2,46677.6],[486354.0,46692.6]]]}},{"type":"Feature","properties":{"parcel":"2768","area_m2":1651,"e":486391.74,"n":46722.73},"geometry":{"type":"Polygon","coordinates":[[[486383.6,46688.4],[486393.7,46689.7],[486415.5,46748.9],[486397.3,46757.0],[486368.0,46706.7],[486383.6,46688.4]]]}},{"type":"Feature","properties":{"parcel":"2769","area_m2":715,"e":486359.71,"n":46705.73},"geometry":{"type":"Polygon","coordinates":[[[486383.6,46688.4],[486368.0,46706.7],[486354.9,46714.4],[486340.8,46723.0],[486335.8,46712.0],[486354.0,46692.6],[486383.6,46688.4]]]}},{"type":"Feature","properties":{"parcel":"2759/2","area_m2":352,"e":486452.69,"n":46712.62},"geometry":{"type":"Polygon","coordinates":[[[486449.5,46697.9],[486466.0,46720.7],[486455.6,46727.4],[486439.4,46704.3],[486449.5,46697.9]]]}},{"type":"Feature","properties":{"parcel":"2767","area_m2":963,"e":486378.24,"n":46738.46},"geometry":{"type":"Polygon","coordinates":[[[486368.0,46706.7],[486397.3,46757.0],[486408.3,46776.2],[486401.9,46779.3],[486398.8,46778.5],[486390.1,46762.7],[486378.5,46750.1],[486354.9,46714.4],[486368.0,46706.7]]]}},{"type":"Feature","properties":{"parcel":"2766","area_m2":745,"e":486359.61,"n":46735.93},"geometry":{"type":"Polygon","coordinates":[[[486354.9,46714.4],[486378.5,46750.1],[486359.8,46757.5],[486356.2,46746.8],[486340.8,46723.0],[486354.9,46714.4]]]}},{"type":"Feature","properties":{"parcel":"2759/3","area_m2":1622,"e":486493.07,"n":46768.64},"geometry":{"type":"Polygon","coordinates":[[[486466.0,46720.7],[486530.5,46810.3],[486516.6,46816.6],[486455.6,46727.4],[486466.0,46720.7]]]}},{"type":"Feature","properties":{"parcel":"2760/1","area_m2":1400,"e":486496.46,"n":46799.45},"geometry":{"type":"Polygon","coordinates":[[[486455.6,46727.4],[486516.6,46816.6],[486498.6,46819.6],[486485.5,46795.2],[486445.1,46734.6],[486455.6,46727.4]]]}},{"type":"Feature","properties":{"parcel":"3177/2","area_m2":3353,"e":486374.22,"n":46833.54},"geometry":{"type":"Polygon","coordinates":[[[486344.9,46745.5],[486349.0,46754.3],[486362.2,46781.4],[486375.8,46794.4],[486376.4,46806.8],[486386.3,46823],[486390.3,46853.9],[486380.0,46869.7],[486385.9,46880.0],[486384.7,46884.3],[486388.5,46890.7],[486386.0,46897.2],[486377.7,46902.0],[486374.2,46896.2],[486362.3,46853.8],[486338.8,46769.1],[486344.9,46745.5]]]}},{"type":"Feature","properties":{"parcel":"2762","area_m2":517,"e":486416.33,"n":46767.66},"geometry":{"type":"Polygon","coordinates":[[[486415.5,46748.9],[486421.0,46761.7],[486435.3,46786.4],[486427.3,46782.2],[486422.6,46777.7],[486419.1,46770.3],[486408.3,46776.2],[486397.3,46757.0],[486415.5,46748.9]]]}},{"type":"Feature","properties":{"parcel":"2765","area_m2":466,"e":486379.28,"n":46764.32},"geometry":{"type":"Polygon","coordinates":[[[486390.1,46762.7],[486398.8,46778.5],[486388.0,46777.4],[486359.8,46757.5],[486378.5,46750.1],[486390.1,46762.7]]]}},{"type":"Feature","properties":{"parcel":"3177/1","area_m2":781,"e":486357.03,"n":46860.6},"geometry":{"type":"Polygon","coordinates":[[[486354.3,46852.6],[486348.9,46814.8],[486338.8,46769.1],[486362.3,46853.8],[486374.2,46896.2],[486377.7,46902.0],[486377.2,46906.9],[486375.5,46908.5],[486372.4,46904.3],[486348.7,46856.5],[486354.3,46852.6]]]}},{"type":"Feature","properties":{"parcel":"2764/4","area_m2":530,"e":486440.46,"n":46802.05},"geometry":{"type":"Polygon","coordinates":[[[486408.3,46776.2],[486419.1,46770.3],[486422.6,46777.7],[486427.3,46782.2],[486435.3,46786.4],[486441.7,46790.3],[486444.5,46795.5],[486445.7,46802.3],[486450.2,46810.4],[486458.0,46816.5],[486445.2,46810.8],[486437.8,46807.3],[486430.5,46793.7],[486422.2,46786.9],[486406.1,46780.5],[486401.9,46779.3],[486408.3,46776.2]]]}},{"type":"Feature","properties":{"parcel":"2764/9","area_m2":424,"e":486557.98,"n":46786.1},"geometry":{"type":"Polygon","coordinates":[[[486554.0,46789.2],[486547.4,46799.0],[486540.8,46805.8],[486531.8,46812.8],[486518.1,46818.4],[486499.5,46822.6],[486484.2,46823.1],[486498.6,46819.6],[486516.6,46816.6],[486530.5,46810.3],[486539.7,46803.1],[486544.8,46799.0],[486547.7,46791.9],[486552.2,46787.7],[486557.7,46783.2],[486564.9,46783.9],[486570.6,46784.3],[486572.7,46789.5],[486574.9,46794.7],[486578.3,46809.3],[486594.0,46845.2],[486585.5,46838.1],[486578.6,46814.6],[486574.4,46800.3],[486570.7,46793.1],[486565.6,46787.0],[486554.0,46789.2]]]}},{"type":"Feature","properties":{"parcel":"2764/10","area_m2":68,"e":486611.85,"n":46846.43},"geometry":{"type":"Polygon","coordinates":[[[486603.7,46847.3],[486608.1,46844.8],[486611.9,46843.8],[486625.6,46850.4],[486629.8,46852.1],[486621.8,46851.0],[486603.7,46847.3]]]}},{"type":"Feature","properties":{"parcel":"2353/6","area_m2":14650,"e":486350.08,"n":46192.93},"geometry":{"type":"Polygon","coordinates":[[[486380.6,46092.7],[486383.8,46099.2],[486394.6,46130.3],[486395.7,46146.1],[486403.7,46159.9],[486429.4,46165.1],[486437.3,46178.7],[486432.0,46182.6],[486414.2,46202.1],[486400.6,46206],[486392.2,46217.9],[486386.1,46225.2],[486384.2,46230.7],[486377.9,46239.2],[486363.2,46244.3],[486356.9,46251.9],[486346.7,46269.4],[486352.4,46280.1],[486339.4,46285.4],[486319.0,46265.2],[486303.9,46267.5],[486294.9,46266.7],[486275.5,46276.7],[486274.2,46285.6],[486276.8,46302.3],[486262.9,46265.9],[486278.7,46248.9],[486289.6,46231.1],[486293.0,46222.9],[486298.0,46213.0],[486297.0,46185.8],[486301.4,46172.7],[486321.0,46150.3],[486337.8,46139.3],[486342.4,46120.8],[486374.0,46083.5],[486380.6,46092.7]]]}},{"type":"Feature","properties":{"parcel":"2353/1","area_m2":6670,"e":486378.38,"n":46305.84},"geometry":{"type":"Polygon","coordinates":[[[486352.4,46280.1],[486390.6,46265.1],[486400.0,46261.7],[486404.9,46261.5],[486415.9,46256.6],[486426.2,46255.3],[486437.4,46235.6],[486443.6,46225.1],[486442.2,46238.3],[486439.7,46264.8],[486438.8,46276.3],[486427.2,46288.8],[486420.3,46296.2],[486401.9,46317.2],[486391.8,46321.7],[486379.8,46332.2],[486374.6,46346.6],[486365.2,46357.3],[486356.7,46370.5],[486344.0,46388.2],[486341.5,46399.9],[486340.5,46405.0],[486332.7,46409.6],[486327.7,46395.7],[486335.0,46381.6],[486344.6,46374.1],[486345,46356.8],[486343.3,46352.8],[486347.7,46349.1],[486352.3,46339.6],[486356.5,46324.8],[486347.7,46320.7],[486337.6,46325.5],[486335.5,46306.2],[486339.4,46285.4],[486352.4,46280.1]]]}},{"type":"Feature","properties":{"parcel":"2353/2","area_m2":500,"e":486343.13,"n":46336.76},"geometry":{"type":"Polygon","coordinates":[[[486347.7,46320.7],[486356.5,46324.8],[486352.3,46339.6],[486347.7,46349.1],[486343.3,46352.8],[486329.8,46343.9],[486337.6,46325.5],[486347.7,46320.7]]]}},{"type":"Feature","properties":{"parcel":"2353/5","area_m2":3120,"e":486365.47,"n":46261.06},"geometry":{"type":"Polygon","coordinates":[[[486443.1,46182.1],[486446.1,46191.1],[486446.9,46205.5],[486444.8,46222.0],[486443.6,46225.1],[486437.4,46235.6],[486426.2,46255.3],[486415.9,46256.6],[486404.9,46261.5],[486400.0,46261.7],[486390.6,46265.1],[486352.4,46280.1],[486346.7,46269.4],[486356.9,46251.9],[486363.2,46244.3],[486377.9,46239.2],[486384.2,46230.7],[486386.1,46225.2],[486392.2,46217.9],[486400.6,46206],[486414.2,46202.1],[486432.0,46182.6],[486437.3,46178.7],[486443.1,46182.1]],[[486439.4,46231.5],[486443.8,46213.4],[486430.5,46202.5],[486398.7,46246.2],[486409.3,46255.2],[486437.4,46235.6],[486439.4,46231.5]]]}},{"type":"Feature","properties":{"parcel":"2504","area_m2":3008,"e":486404.24,"n":46337.05},"geometry":{"type":"Polygon","coordinates":[[[486374.6,46346.6],[486379.8,46332.2],[486391.8,46321.7],[486401.9,46317.2],[486420.3,46296.2],[486427.2,46288.8],[486429.5,46290.7],[486438.1,46297.1],[486443.3,46301.9],[486433.6,46317.9],[486425.1,46332.5],[486419.0,46343.2],[486395.2,46385.3],[486377.2,46373.6],[486365.2,46357.3],[486374.6,46346.6]]]}},{"type":"Feature","properties":{"parcel":"2506","area_m2":1039,"e":486429.7,"n":46225.54},"geometry":{"type":"Polygon","coordinates":[[[486409.3,46255.2],[486398.7,46246.2],[486430.5,46202.5],[486443.8,46213.4],[486439.4,46231.5],[486437.4,46235.6],[486409.3,46255.2]]]}},{"type":"Feature","properties":{"parcel":"2501","area_m2":1856,"e":486461.3,"n":46329.85},"geometry":{"type":"Polygon","coordinates":[[[486468.9,46336.2],[486464.3,46341.0],[486446.0,46361.2],[486414.2,46398.6],[486405.9,46392.9],[486440.5,46342.2],[486464.9,46301.9],[486466.2,46298.6],[486472.3,46305.6],[486486.5,46317.1],[486468.9,46336.2]]]}},{"type":"Feature","properties":{"parcel":"2502","area_m2":917,"e":486453.32,"n":46302.62},"geometry":{"type":"Polygon","coordinates":[[[486454.5,46284.6],[486466.2,46298.6],[486464.9,46301.9],[486440.5,46342.2],[486425.1,46332.5],[486433.6,46317.9],[486443.3,46301.9],[486454.5,46284.6]]]}},{"type":"Feature","properties":{"parcel":"2505","area_m2":152,"e":486438.61,"n":46284.23},"geometry":{"type":"Polygon","coordinates":[[[486450.0,46282.3],[486443.8,46292.1],[486442.4,46291.5],[486434.6,46285.1],[486429.5,46290.7],[486427.2,46288.8],[486438.8,46276.3],[486450.0,46282.3]]]}},{"type":"Feature","properties":{"parcel":"*125/5","area_m2":187,"e":486443.54,"n":46295.78},"geometry":{"type":"Polygon","coordinates":[[[486443.8,46292.1],[486450.0,46282.3],[486454.5,46284.6],[486443.3,46301.9],[486438.1,46297.1],[486429.5,46290.7],[486434.6,46285.1],[486442.4,46291.5],[486443.8,46292.1]]]}},{"type":"Feature","properties":{"parcel":"2365/1","area_m2":6090,"e":486503.78,"n":46185.35},"geometry":{"type":"Polygon","coordinates":[[[486522.2,46151.2],[486523.8,46155.2],[486550.5,46192.2],[486531.0,46200.5],[486517.7,46203.9],[486513.0,46210.9],[486506.5,46214.4],[486494.6,46221.6],[486481.4,46235.5],[486469.3,46248.9],[486450.5,46270.1],[486445.0,46274.1],[486443.7,46261.0],[486447.7,46224.7],[486450.0,46216.4],[486452.7,46207.4],[486451.5,46190.7],[486520,46145.0],[486522.2,46151.2]]]}},{"type":"Feature","properties":{"parcel":"2404/2","area_m2":1936,"e":486493.14,"n":46243.02},"geometry":{"type":"Polygon","coordinates":[[[486479.7,46270.6],[486478.0,46265.0],[486473.7,46266.5],[486471.6,46267.6],[486456.5,46279.8],[486445.0,46274.1],[486450.5,46270.1],[486469.3,46248.9],[486481.4,46235.5],[486494.6,46221.6],[486506.5,46214.4],[486513.0,46230.3],[486515.0,46257.5],[486479.7,46270.6]]]}},{"type":"Feature","properties":{"parcel":"2404/3","area_m2":226,"e":486465.56,"n":46277.86},"geometry":{"type":"Polygon","coordinates":[[[486471.6,46267.6],[486473.3,46273.0],[486474.7,46285.7],[486462.5,46288.1],[486456.5,46279.8],[486471.6,46267.6]]]}},{"type":"Feature","properties":{"parcel":"2405","area_m2":897,"e":486497.47,"n":46288.08},"geometry":{"type":"Polygon","coordinates":[[[486474.7,46285.7],[486529.5,46274.8],[486530.6,46279.1],[486532.4,46287.4],[486532.4,46288.7],[486505.6,46294.0],[486473.4,46301.4],[486462.5,46288.1],[486474.7,46285.7]]]}},{"type":"Feature","properties":{"parcel":"*129/2","area_m2":40,"e":486475.65,"n":46269.03},"geometry":{"type":"Polygon","coordinates":[[[486473.7,46266.5],[486478.0,46265.0],[486479.7,46270.6],[486473.3,46273.0],[486471.6,46267.6],[486473.7,46266.5]]]}},{"type":"Feature","properties":{"parcel":"2404/1","area_m2":831,"e":486501.42,"n":46271.6},"geometry":{"type":"Polygon","coordinates":[[[486515.0,46257.5],[486523.0,46264.2],[486525.6,46266.5],[486528.2,46268.6],[486529.5,46274.8],[486474.7,46285.7],[486473.3,46273.0],[486479.7,46270.6],[486515.0,46257.5]]]}},{"type":"Feature","properties":{"parcel":"2406","area_m2":795,"e":486504.4,"n":46300.84},"geometry":{"type":"Polygon","coordinates":[[[486505.6,46294.0],[486532.4,46288.7],[486534.6,46299.2],[486535.4,46303.2],[486487.9,46313],[486473.4,46301.4],[486505.6,46294.0]]]}},{"type":"Feature","properties":{"parcel":"2407","area_m2":375,"e":486512,"n":46313.33},"geometry":{"type":"Polygon","coordinates":[[[486535.4,46303.2],[486536.1,46307.5],[486500.8,46323.5],[486487.9,46313],[486535.4,46303.2]],[[486503.8,46312.3],[486504.4,46317.3],[486507.3,46317.3],[486506.9,46312.2],[486503.8,46312.3]]]}},{"type":"Feature","properties":{"parcel":"2408","area_m2":359,"e":486518.42,"n":46322.56},"geometry":{"type":"Polygon","coordinates":[[[486513.1,46337.6],[486500.8,46323.5],[486536.1,46307.5],[486513.1,46337.6]]]}},{"type":"Feature","properties":{"parcel":"*139","area_m2":18,"e":486505.53,"n":46314.78},"geometry":{"type":"Polygon","coordinates":[[[486507.3,46317.3],[486504.4,46317.3],[486503.8,46312.3],[486506.9,46312.2],[486507.3,46317.3]]]}},{"type":"Feature","properties":{"parcel":"2402","area_m2":4213,"e":486559.76,"n":46208.12},"geometry":{"type":"Polygon","coordinates":[[[486573.8,46177.0],[486588.6,46158.7],[486613,46209.1],[486583.9,46226.0],[486579.0,46213.9],[486515.0,46257.5],[486513.0,46230.3],[486506.5,46214.4],[486513.0,46210.9],[486517.7,46203.9],[486531.0,46200.5],[486550.5,46192.2],[486573.8,46177.0]]]}},{"type":"Feature","properties":{"parcel":"2403","area_m2":834,"e":486549.47,"n":46239.05},"geometry":{"type":"Polygon","coordinates":[[[486523.0,46264.2],[486515.0,46257.5],[486579.0,46213.9],[486583.9,46226.0],[486523.0,46264.2]]]}},{"type":"Feature","properties":{"parcel":"2412/2","area_m2":550,"e":486569.6,"n":46237.82},"geometry":{"type":"Polygon","coordinates":[[[486613,46209.1],[486616.2,46215.3],[486591.4,46229.3],[486564.8,46244.3],[486525.6,46266.5],[486523.0,46264.2],[486583.9,46226.0],[486613,46209.1]]]}},{"type":"Feature","properties":{"parcel":"2492","area_m2":216,"e":486530.28,"n":46345.18},"geometry":{"type":"Polygon","coordinates":[[[486533.3,46332.9],[486537.5,46354.6],[486527.2,46357.5],[486523.1,46338.7],[486533.3,46332.9]]]}},{"type":"Feature","properties":{"parcel":"2490","area_m2":209,"e":486532.99,"n":46324.65},"geometry":{"type":"Polygon","coordinates":[[[486542.9,46330.9],[486533.3,46332.9],[486523.1,46338.7],[486537.5,46310.6],[486542.9,46330.9]]]}},{"type":"Feature","properties":{"parcel":"2412/1","area_m2":514,"e":486572.48,"n":46241.94},"geometry":{"type":"Polygon","coordinates":[[[486619.3,46221.7],[486550.9,46257.3],[486528.2,46268.6],[486525.6,46266.5],[486564.8,46244.3],[486591.4,46229.3],[486616.2,46215.3],[486619.3,46221.7]]]}},{"type":"Feature","properties":{"parcel":"2410/1","area_m2":655,"e":486558.8,"n":46285.4},"geometry":{"type":"Polygon","coordinates":[[[486585.2,46284.2],[486534.6,46299.2],[486532.4,46288.7],[486532.4,46287.4],[486579.9,46271.6],[486585.2,46284.2]]]}},{"type":"Feature","properties":{"parcel":"2491","area_m2":201,"e":486539.01,"n":46338.31},"geometry":{"type":"Polygon","coordinates":[[[486542.9,46330.9],[486546.3,46351.7],[486537.5,46354.6],[486533.3,46332.9],[486542.9,46330.9]]]}},{"type":"Feature","properties":{"parcel":"2489","area_m2":410,"e":486545.66,"n":46334.71},"geometry":{"type":"Polygon","coordinates":[[[486547.3,46309.3],[486552.0,46338.9],[486553.4,46347.8],[486553.8,46359.6],[486547.6,46360.1],[486546.3,46351.7],[486542.9,46330.9],[486537.5,46310.6],[486547.3,46309.3]]]}},{"type":"Feature","properties":{"parcel":"3220/1","area_m2":1996,"e":486335.3,"n":46560.89},"geometry":{"type":"Polygon","coordinates":[[[486326.7,46563.1],[486325.3,46552.1],[486323.5,46542.8],[486319.3,46529.3],[486322.9,46526.9],[486312.9,46513.3],[486304.9,46511.3],[486303.5,46517.1],[486288.5,46513.9],[486271.6,46521.3],[486267.9,46520.2],[486252.2,46515.9],[486242.1,46512.2],[486232.4,46503.8],[486235.1,46500.6],[486244.3,46507.2],[486254.0,46513.1],[486271.0,46517.8],[486275.1,46515.5],[486291.0,46507.8],[486306.0,46503.6],[486307.8,46506.9],[486311.5,46505.5],[486317,46510.7],[486326.0,46521.7],[486329,46544.8],[486332.2,46548.7],[486349.6,46563.1],[486354.3,46567.6],[486353.0,46577.8],[486338.3,46569.6],[486326.7,46563.1]]]}},{"type":"Feature","properties":{"parcel":"3165","area_m2":1004,"e":486325.58,"n":46750.31},"geometry":{"type":"Polygon","coordinates":[[[486339.4,46735.5],[486344.9,46745.5],[486309.6,46765.0],[486260.5,46803.2],[486256.5,46793.6],[486291.6,46767.4],[486307.3,46756.4],[486339.4,46735.5]]]}},{"type":"Feature","properties":{"parcel":"2789/2","area_m2":1516,"e":486269.82,"n":46467.53},"geometry":{"type":"Polygon","coordinates":[[[486262.2,46455.4],[486262.2,46450.2],[486262.2,46438.7],[486261.0,46421.6],[486259.5,46403.1],[486258.6,46398.1],[486264.0,46397.4],[486272.6,46450.2],[486280.3,46501.2],[486301.2,46493.5],[486321.2,46479.3],[486330.5,46480.6],[486320.6,46490.0],[486315.3,46495.0],[486304.6,46497.9],[486306.0,46503.6],[486291.0,46507.8],[486275.1,46515.5],[486268.6,46485.5],[486262.2,46455.4]]]}},{"type":"Feature","properties":{"parcel":"3164","area_m2":1712,"e":486307.97,"n":46777.9},"geometry":{"type":"Polygon","coordinates":[[[486338.8,46769.1],[486313.0,46787.3],[486301.7,46795.2],[486291.9,46802.1],[486282.2,46808.6],[486268.0,46819.5],[486260.5,46803.2],[486309.6,46765.0],[486344.9,46745.5],[486338.8,46769.1]]]}},{"type":"Feature","properties":{"parcel":"3182","area_m2":914,"e":486278.69,"n":46822.01},"geometry":{"type":"Polygon","coordinates":[[[486282.2,46808.6],[486325.1,46877.4],[486322.6,46880.2],[486268.0,46819.5],[486282.2,46808.6]]]}},{"type":"Feature","properties":{"parcel":"2781/6","area_m2":2135,"e":486304.24,"n":46555.53},"geometry":{"type":"Polygon","coordinates":[[[486278.5,46557.4],[486277.2,46550.9],[486293.9,46535.9],[486287.7,46520.3],[486271.8,46522.3],[486271.6,46521.3],[486288.5,46513.9],[486303.5,46517.1],[486310.8,46518.1],[486319.3,46529.3],[486323.5,46542.8],[486325.3,46552.1],[486318.8,46555.3],[486315.2,46549.6],[486309.5,46552.8],[486312.5,46559.1],[486306.1,46564.3],[486298.9,46578.0],[486295.7,46572.2],[486287.4,46575.7],[486290.7,46582.2],[486296.0,46587.8],[486306.0,46597.5],[486318.7,46583.1],[486320.6,46584.8],[486328.8,46575.7],[486322.2,46569.7],[486326.7,46563.1],[486338.3,46569.6],[486333.8,46579.9],[486329.5,46588.9],[486324.2,46587.6],[486311.1,46602.4],[486286.1,46597.9],[486278.5,46557.4]],[[486278.5,46557.4],[486284.7,46571.1],[486303.5,46559.8],[486296.9,46542.6],[486278.5,46557.4]]]}},{"type":"Feature","properties":{"parcel":"2779","area_m2":687,"e":486289.42,"n":46648.88},"geometry":{"type":"Polygon","coordinates":[[[486272.5,46625.1],[486279.7,46620.3],[486311.1,46679.8],[486302.5,46685.7],[486278.6,46636.8],[486272.5,46625.1]]]}},{"type":"Feature","properties":{"parcel":"2787","area_m2":396,"e":486290.99,"n":46556.83},"geometry":{"type":"Polygon","coordinates":[[[486296.9,46542.6],[486303.5,46559.8],[486284.7,46571.1],[486278.5,46557.4],[486296.9,46542.6]]]}},{"type":"Feature","properties":{"parcel":"2780","area_m2":867,"e":486300.43,"n":46648.5},"geometry":{"type":"Polygon","coordinates":[[[486283.1,46617.2],[486309.8,46642.9],[486321.2,46654.3],[486317.2,46675.4],[486311.1,46679.8],[486279.7,46620.3],[486283.1,46617.2]]]}},{"type":"Feature","properties":{"parcel":"3181","area_m2":1316,"e":486315.43,"n":46851.36},"geometry":{"type":"Polygon","coordinates":[[[486291.9,46802.1],[486336.9,46872.8],[486348.6,46893.3],[486338.3,46900.7],[486325.1,46877.4],[486282.2,46808.6],[486291.9,46802.1]]]}},{"type":"Feature","properties":{"parcel":"3174","area_m2":201,"e":486296.69,"n":46756.9},"geometry":{"type":"Polygon","coordinates":[[[486307.3,46756.4],[486291.6,46767.4],[486286.1,46759.8],[486301.4,46746.3],[486307.3,46756.4]]]}},{"type":"Feature","properties":{"parcel":"2781/7","area_m2":202,"e":486296.65,"n":46604.71},"geometry":{"type":"Polygon","coordinates":[[[486286.1,46597.9],[486311.1,46602.4],[486304.9,46607.1],[486297.0,46613.0],[486287.9,46607.1],[486286.1,46597.9]]]}},{"type":"Feature","properties":{"parcel":"*110/1","area_m2":720,"e":486308.11,"n":46568.69},"geometry":{"type":"Polygon","coordinates":[[[486328.8,46575.7],[486320.6,46584.8],[486318.7,46583.1],[486313.7,46581.2],[486308.3,46580.0],[486296.0,46587.8],[486290.7,46582.2],[486287.4,46575.7],[486295.7,46572.2],[486298.9,46578.0],[486306.1,46564.3],[486312.5,46559.1],[486309.5,46552.8],[486315.2,46549.6],[486318.8,46555.3],[486325.3,46552.1],[486326.7,46563.1],[486322.2,46569.7],[486328.8,46575.7]]]}},{"type":"Feature","properties":{"parcel":"3169","area_m2":457,"e":486308.35,"n":46708.01},"geometry":{"type":"Polygon","coordinates":[[[486327.0,46705.0],[486289.7,46729.5],[486299.5,46710.5],[486318.4,46686.5],[486327.0,46705.0]]]}},{"type":"Feature","properties":{"parcel":"3170","area_m2":542,"e":486310.85,"n":46722.26},"geometry":{"type":"Polygon","coordinates":[[[486332.0,46716.3],[486296.2,46739.6],[486289.7,46729.5],[486327.0,46705.0],[486332.0,46716.3]]]}},{"type":"Feature","properties":{"parcel":"3180","area_m2":780,"e":486317.14,"n":46834},"geometry":{"type":"Polygon","coordinates":[[[486301.7,46795.2],[486342.3,46865.9],[486336.9,46872.8],[486291.9,46802.1],[486301.7,46795.2]]]}},{"type":"Feature","properties":{"parcel":"2784","area_m2":216,"e":486307.35,"n":46588.73},"geometry":{"type":"Polygon","coordinates":[[[486308.3,46580.0],[486313.7,46581.2],[486318.7,46583.1],[486306.0,46597.5],[486296.0,46587.8],[486308.3,46580.0]]]}},{"type":"Feature","properties":{"parcel":"3171","area_m2":375,"e":486308.62,"n":46736.96},"geometry":{"type":"Polygon","coordinates":[[[486335.8,46725.7],[486301.4,46746.3],[486296.2,46739.6],[486332.0,46716.3],[486335.8,46725.7]]]}},{"type":"Feature","properties":{"parcel":"2781/2","area_m2":120,"e":486306.46,"n":46613.5},"geometry":{"type":"Polygon","coordinates":[[[486308.3,46619.9],[486297.0,46613.0],[486304.9,46607.1],[486315.8,46614],[486308.3,46619.9]]]}},{"type":"Feature","properties":{"parcel":"3172","area_m2":421,"e":486320.38,"n":46741.06},"geometry":{"type":"Polygon","coordinates":[[[486339.4,46735.5],[486307.3,46756.4],[486301.4,46746.3],[486335.8,46725.7],[486339.4,46735.5]]]}},{"type":"Feature","properties":{"parcel":"3179","area_m2":885,"e":486339.9,"n":46851.17},"geometry":{"type":"Polygon","coordinates":[[[486313.0,46787.3],[486348.7,46856.5],[486342.3,46865.9],[486301.7,46795.2],[486313.0,46787.3]]]}},{"type":"Feature","properties":{"parcel":"3252","area_m2":126,"e":486307.15,"n":46514.7},"geometry":{"type":"Polygon","coordinates":[[[486304.9,46511.3],[486312.9,46513.3],[486322.9,46526.9],[486319.3,46529.3],[486310.8,46518.1],[486303.5,46517.1],[486304.9,46511.3]]]}},{"type":"Feature","properties":{"parcel":"*110/3","area_m2":180,"e":486313.53,"n":46500.33},"geometry":{"type":"Polygon","coordinates":[[[486320.6,46490.0],[486322.4,46499.3],[486317,46510.7],[486311.5,46505.5],[486307.8,46506.9],[486306.0,46503.6],[486304.6,46497.9],[486315.3,46495.0],[486320.6,46490.0]]]}},{"type":"Feature","properties":{"parcel":"2782","area_m2":588,"e":486321.73,"n":46599.38},"geometry":{"type":"Polygon","coordinates":[[[486315.8,46614],[486304.9,46607.1],[486311.1,46602.4],[486324.2,46587.6],[486329.5,46588.9],[486322.6,46605.6],[486338.6,46617.1],[486330.5,46625.5],[486320.7,46628.8],[486308.3,46619.9],[486315.8,46614]],[[486319.2,46611.6],[486322.0,46613.8],[486325.2,46609.9],[486322.3,46607.6],[486319.2,46611.6]],[[486334.0,46617.8],[486331.2,46616.2],[486327.0,46620.4],[486329.8,46622.6],[486331.1,46621.3],[486334.0,46617.8]]]}},{"type":"Feature","properties":{"parcel":"3178","area_m2":1496,"e":486333.64,"n":46812.79},"geometry":{"type":"Polygon","coordinates":[[[486338.8,46769.1],[486348.9,46814.8],[486354.3,46852.6],[486348.7,46856.5],[486313.0,46787.3],[486338.8,46769.1]]]}},{"type":"Feature","properties":{"parcel":"*112","area_m2":194,"e":486323.77,"n":46449.2},"geometry":{"type":"Polygon","coordinates":[[[486322.6,46438.9],[486334.2,46449.3],[486329.9,46452.7],[486327.2,46456.3],[486324.3,46459.5],[486313.3,46448.2],[486319.2,46442.3],[486322.6,46438.9]]]}},{"type":"Feature","properties":{"parcel":"2788/2","area_m2":443,"e":486327.81,"n":46494.57},"geometry":{"type":"Polygon","coordinates":[[[486328.3,46488.3],[486341.7,46489.6],[486337.0,46506.6],[486333.1,46503.0],[486331.7,46510.3],[486326.0,46521.7],[486317,46510.7],[486322.4,46499.3],[486320.6,46490.0],[486328.3,46488.3]]]}},{"type":"Feature","properties":{"parcel":"*137","area_m2":22,"e":486322.18,"n":46610.74},"geometry":{"type":"Polygon","coordinates":[[[486325.2,46609.9],[486322.0,46613.8],[486319.2,46611.6],[486322.3,46607.6],[486325.2,46609.9]]]}},{"type":"Feature","properties":{"parcel":"2783","area_m2":561,"e":486335.93,"n":46598.5},"geometry":{"type":"Polygon","coordinates":[[[486333.8,46579.9],[486349.2,46587.5],[486338.6,46617.1],[486322.6,46605.6],[486329.5,46588.9],[486333.8,46579.9]]]}},{"type":"Feature","properties":{"parcel":"2788/3","area_m2":370,"e":486336.76,"n":46523.87},"geometry":{"type":"Polygon","coordinates":[[[486347.6,46511.0],[486329,46544.8],[486326.0,46521.7],[486331.7,46510.3],[486333.1,46503.0],[486337.0,46506.6],[486347.6,46511.0]]]}},{"type":"Feature","properties":{"parcel":"*153","area_m2":21,"e":486330.51,"n":46619.43},"geometry":{"type":"Polygon","coordinates":[[[486334.0,46617.8],[486331.1,46621.3],[486329.8,46622.6],[486327.0,46620.4],[486331.2,46616.2],[486334.0,46617.8]]]}},{"type":"Feature","properties":{"parcel":"2791","area_m2":802,"e":486235.51,"n":46461.47},"geometry":{"type":"Polygon","coordinates":[[[486262.2,46450.2],[486262.2,46455.4],[486217.2,46479.2],[486201.2,46471.8],[486243.9,46449.3],[486262.2,46438.7],[486262.2,46450.2]]]}},{"type":"Feature","properties":{"parcel":"2774/3","area_m2":867,"e":486229.42,"n":46753.44},"geometry":{"type":"Polygon","coordinates":[[[486209,46724.2],[486228.5,46742.9],[486235.2,46749.3],[486241.3,46756.1],[486249.0,46763.8],[486256.6,46770.6],[486251.2,46782.7],[486202.3,46736.3],[486209,46724.2]]]}},{"type":"Feature","properties":{"parcel":"2774/4","area_m2":1083,"e":486229.43,"n":46716.2},"geometry":{"type":"Polygon","coordinates":[[[486249.8,46717.0],[486228.5,46742.9],[486209,46724.2],[486226.1,46689.5],[486249.8,46717.0]]]}},{"type":"Feature","properties":{"parcel":"2790/1","area_m2":1237,"e":486246.14,"n":46480.82},"geometry":{"type":"Polygon","coordinates":[[[486262.2,46455.4],[486268.6,46485.5],[486235.1,46500.6],[486217.2,46479.2],[486262.2,46455.4]]]}},{"type":"Feature","properties":{"parcel":"2781/3","area_m2":2506,"e":486252.87,"n":46610.01},"geometry":{"type":"Polygon","coordinates":[[[486286.1,46597.9],[486287.9,46607.1],[486243.8,46631.4],[486226.3,46577.5],[486217.9,46541.5],[486226.1,46539.3],[486232.8,46575.3],[486246.8,46594.0],[486279.5,46592],[486279.0,46582.3],[486259.9,46583.2],[486257.3,46568.9],[486277.2,46550.9],[486278.5,46557.4],[486286.1,46597.9]]]}},{"type":"Feature","properties":{"parcel":"2775/4","area_m2":284,"e":486230.97,"n":46668.55},"geometry":{"type":"Polygon","coordinates":[[[486243.4,46656.3],[486226.1,46689.5],[486218.5,46681.2],[486228,46671.6],[486237.7,46647.6],[486243.4,46656.3]]]}},{"type":"Feature","properties":{"parcel":"2786/1","area_m2":2559,"e":486252.79,"n":46558.12},"geometry":{"type":"Polygon","coordinates":[[[486271.8,46522.3],[486277.2,46550.9],[486257.3,46568.9],[486259.9,46583.2],[486279.0,46582.3],[486279.5,46592],[486246.8,46594.0],[486232.8,46575.3],[486226.1,46539.3],[486245.0,46529.9],[486258.5,46523.6],[486271.8,46522.3]]]}},{"type":"Feature","properties":{"parcel":"2774/5","area_m2":1244,"e":486245.75,"n":46686.64},"geometry":{"type":"Polygon","coordinates":[[[486265.4,46687.0],[486249.8,46717.0],[486226.1,46689.5],[486243.4,46656.3],[486265.4,46687.0]]]}},{"type":"Feature","properties":{"parcel":"2774/1","area_m2":356,"e":486242.54,"n":46733.14},"geometry":{"type":"Polygon","coordinates":[[[486256.6,46725.6],[486235.2,46749.3],[486228.5,46742.9],[486249.8,46717.0],[486256.6,46725.6]]]}},{"type":"Feature","properties":{"parcel":"3158","area_m2":302,"e":486237.95,"n":46822.51},"geometry":{"type":"Polygon","coordinates":[[[486238.1,46807.2],[486247.1,46809.8],[486244.5,46826.0],[486235.7,46827.1],[486231.8,46837.8],[486228.8,46813.3],[486238.1,46807.2]]]}},{"type":"Feature","properties":{"parcel":"3160","area_m2":140,"e":486235.43,"n":46834.79},"geometry":{"type":"Polygon","coordinates":[[[486235.7,46827.1],[486242.6,46848.1],[486251.3,46868.3],[486231.8,46837.8],[486235.7,46827.1]]]}},{"type":"Feature","properties":{"parcel":"2790/2","area_m2":685,"e":486262.6,"n":46495.57},"geometry":{"type":"Polygon","coordinates":[[[486275.1,46515.5],[486271.0,46517.8],[486254.0,46513.1],[486244.3,46507.2],[486235.1,46500.6],[486268.6,46485.5],[486275.1,46515.5]],[[486250.2,46503.6],[486254.1,46509.6],[486259.1,46506.3],[486255.3,46500.3],[486250.2,46503.6]]]}},{"type":"Feature","properties":{"parcel":"2771","area_m2":1036,"e":486276.2,"n":46715.77},"geometry":{"type":"Polygon","coordinates":[[[486287.8,46695.4],[486294.5,46691.1],[486302.5,46685.7],[486311.1,46679.8],[486317.2,46675.4],[486297.4,46702.7],[486241.3,46756.1],[486235.2,46749.3],[486256.6,46725.6],[486276.6,46703.8],[486287.8,46695.4]]]}},{"type":"Feature","properties":{"parcel":"3161","area_m2":248,"e":486244.46,"n":46839.22},"geometry":{"type":"Polygon","coordinates":[[[486244.5,46826.0],[486249.9,46841.1],[486251.3,46868.3],[486242.6,46848.1],[486235.7,46827.1],[486244.5,46826.0]]]}},{"type":"Feature","properties":{"parcel":"2776","area_m2":1277,"e":486265.89,"n":46674.41},"geometry":{"type":"Polygon","coordinates":[[[486237.7,46647.6],[486254.3,46636.7],[486259.9,46646.6],[486287.8,46695.4],[486276.6,46703.8],[486265.4,46687.0],[486243.4,46656.3],[486237.7,46647.6]]]}},{"type":"Feature","properties":{"parcel":"3159","area_m2":165,"e":486243.61,"n":46799.32},"geometry":{"type":"Polygon","coordinates":[[[486249.1,46794.2],[486247.1,46809.8],[486238.1,46807.2],[486240.6,46788.8],[486249.1,46794.2]]]}},{"type":"Feature","properties":{"parcel":"2772","area_m2":647,"e":486271.13,"n":46735.17},"geometry":{"type":"Polygon","coordinates":[[[486280.1,46733.9],[486249.0,46763.8],[486241.3,46756.1],[486297.4,46702.7],[486280.1,46733.9]]]}},{"type":"Feature","properties":{"parcel":"2773","area_m2":241,"e":486254.82,"n":46763.72},"geometry":{"type":"Polygon","coordinates":[[[486277.8,46742.9],[486256.6,46770.6],[486249.0,46763.8],[486280.1,46733.9],[486277.8,46742.9]]]}},{"type":"Feature","properties":{"parcel":"3162","area_m2":820,"e":486256.34,"n":46832.95},"geometry":{"type":"Polygon","coordinates":[[[486256.5,46793.6],[486260.5,46803.2],[486263.5,46843.7],[486262.7,46879.1],[486256.1,46877.4],[486254.7,46849.3],[486249.2,46825.9],[486254.1,46786.8],[486256.5,46793.6]]]}},{"type":"Feature","properties":{"parcel":"2774/6","area_m2":442,"e":486263.22,"n":46706.26},"geometry":{"type":"Polygon","coordinates":[[[486276.6,46703.8],[486256.6,46725.6],[486249.8,46717.0],[486265.4,46687.0],[486276.6,46703.8]]]}},{"type":"Feature","properties":{"parcel":"*160","area_m2":28,"e":486254.67,"n":46504.94},"geometry":{"type":"Polygon","coordinates":[[[486259.1,46506.3],[486254.1,46509.6],[486250.2,46503.6],[486255.3,46500.3],[486259.1,46506.3]]]}},{"type":"Feature","properties":{"parcel":"3167","area_m2":608,"e":486274.77,"n":46760.2},"geometry":{"type":"Polygon","coordinates":[[[486296.2,46739.6],[486301.4,46746.3],[486286.1,46759.8],[486254.1,46786.8],[486257.6,46775.2],[486271.5,46755.4],[486296.2,46739.6]]]}},{"type":"Feature","properties":{"parcel":"3166","area_m2":367,"e":486275.18,"n":46774.58},"geometry":{"type":"Polygon","coordinates":[[[486291.6,46767.4],[486256.5,46793.6],[486254.1,46786.8],[486286.1,46759.8],[486291.6,46767.4]]]}},{"type":"Feature","properties":{"parcel":"2777/1","area_m2":158,"e":486261.86,"n":46638.7},"geometry":{"type":"Polygon","coordinates":[[[486263.9,46630.8],[486269.4,46641.6],[486259.9,46646.6],[486254.3,46636.7],[486263.9,46630.8]]]}},{"type":"Feature","properties":{"parcel":"2781/5","area_m2":18,"e":486267.65,"n":46521.73},"geometry":{"type":"Polygon","coordinates":[[[486271.6,46521.3],[486271.8,46522.3],[486258.5,46523.6],[486267.9,46520.2],[486271.6,46521.3]]]}},{"type":"Feature","properties":{"parcel":"2777/2","area_m2":532,"e":486277.21,"n":46668.52},"geometry":{"type":"Polygon","coordinates":[[[486269.4,46641.6],[486294.5,46691.1],[486287.8,46695.4],[486259.9,46646.6],[486269.4,46641.6]]]}},{"type":"Feature","properties":{"parcel":"3163","area_m2":698,"e":486267.36,"n":46842.26},"geometry":{"type":"Polygon","coordinates":[[[486268.0,46819.5],[486274.2,46842.1],[486273.1,46881.3],[486262.7,46879.1],[486263.5,46843.7],[486260.5,46803.2],[486268.0,46819.5]]]}},{"type":"Feature","properties":{"parcel":"2778/1","area_m2":144,"e":486271.25,"n":46633.35},"geometry":{"type":"Polygon","coordinates":[[[486272.5,46625.1],[486278.6,46636.8],[486269.4,46641.6],[486263.9,46630.8],[486272.5,46625.1]]]}},{"type":"Feature","properties":{"parcel":"2778/2","area_m2":572,"e":486285.95,"n":46663.98},"geometry":{"type":"Polygon","coordinates":[[[486278.6,46636.8],[486302.5,46685.7],[486294.5,46691.1],[486269.4,46641.6],[486278.6,46636.8]]]}},{"type":"Feature","properties":{"parcel":"3168","area_m2":183,"e":486288.53,"n":46737.6},"geometry":{"type":"Polygon","coordinates":[[[486296.2,46739.6],[486271.5,46755.4],[486276.1,46749.3],[486289.7,46729.5],[486296.2,46739.6]]]}},{"type":"Feature","properties":{"parcel":"2786/2","area_m2":408,"e":486282.84,"n":46535.62},"geometry":{"type":"Polygon","coordinates":[[[486287.7,46520.3],[486293.9,46535.9],[486277.2,46550.9],[486271.8,46522.3],[486287.7,46520.3]]]}},{"type":"Feature","properties":{"parcel":"2816","area_m2":1863,"e":486148.05,"n":46247.27},"geometry":{"type":"Polygon","coordinates":[[[486158.6,46236.4],[486163.0,46241.8],[486156.3,46249.2],[486075.6,46343.9],[486070.3,46339.9],[486067.6,46338.1],[486136.1,46248.3],[486150.3,46229.4],[486158.6,46236.4]]]}},{"type":"Feature","properties":{"parcel":"2815","area_m2":1662,"e":486124.37,"n":46295.66},"geometry":{"type":"Polygon","coordinates":[[[486173.1,46251.0],[486083.8,46349.5],[486075.6,46343.9],[486156.3,46249.2],[486163.0,46241.8],[486173.1,46251.0]]]}},{"type":"Feature","properties":{"parcel":"2805","area_m2":1146,"e":486222.45,"n":46274.72},"geometry":{"type":"Polygon","coordinates":[[[486207.5,46248.5],[486242.7,46270.4],[486243.4,46270.9],[486238.9,46301.0],[486213.7,46283.6],[486201.5,46273.7],[486207.5,46248.5]]]}},{"type":"Feature","properties":{"parcel":"2814","area_m2":1737,"e":486134.17,"n":46303.47},"geometry":{"type":"Polygon","coordinates":[[[486176.8,46254.3],[486184.6,46262.3],[486091.7,46355.9],[486083.8,46349.5],[486173.1,46251.0],[486176.8,46254.3]]]}},{"type":"Feature","properties":{"parcel":"2813/2","area_m2":2403,"e":486145.32,"n":46315.55},"geometry":{"type":"Polygon","coordinates":[[[486198.9,46272.3],[486151.7,46322.1],[486136.2,46336.7],[486104.2,46368.8],[486094.0,46357.9],[486091.7,46355.9],[486184.6,46262.3],[486198.9,46272.3]]]}},{"type":"Feature","properties":{"parcel":"2353/3","area_m2":1080,"e":486332.3,"n":46292.28},"geometry":{"type":"Polygon","coordinates":[[[486306.2,46369.2],[486305.2,46349.1],[486312.3,46342.0],[486320.6,46331.7],[486326.1,46323.1],[486326.7,46316.6],[486328.7,46299.6],[486329,46295.5],[486327.0,46284.7],[486319.0,46265.2],[486339.4,46285.4],[486335.5,46306.2],[486337.6,46325.5],[486329.8,46343.9],[486317.9,46341.7],[486310.6,46353.0],[486308.7,46369.5],[486310.5,46381.0],[486315.6,46390.2],[486327.7,46395.7],[486332.7,46409.6],[486327.3,46405.8],[486311.8,46393.0],[486301.7,46382.1],[486306.2,46369.2]]]}},{"type":"Feature","properties":{"parcel":"2507/2","area_m2":1283,"e":486284.48,"n":46286.49},"geometry":{"type":"Polygon","coordinates":[[[486324.7,46301.3],[486323.7,46296.1],[486316.3,46297.2],[486309.8,46269.7],[486291.5,46273.7],[486297.6,46301.6],[486284.0,46309.3],[486295.5,46326.1],[486285.9,46333.3],[486277.8,46320.8],[486276.8,46302.3],[486274.2,46285.6],[486275.5,46276.7],[486294.9,46266.7],[486303.9,46267.5],[486319.0,46265.2],[486327.0,46284.7],[486329,46295.5],[486328.7,46299.6],[486324.7,46301.3]]]}},{"type":"Feature","properties":{"parcel":"2353/4","area_m2":770,"e":486258.54,"n":46280.33},"geometry":{"type":"Polygon","coordinates":[[[486262.9,46265.9],[486276.8,46302.3],[486277.8,46320.8],[486285.9,46333.3],[486288.5,46336.4],[486278.5,46342.8],[486272.3,46329.8],[486271.0,46312.2],[486262.3,46292.0],[486253.3,46286.2],[486251.6,46276.9],[486262.9,46265.9]]]}},{"type":"Feature","properties":{"parcel":"3215/1","area_m2":385,"e":486297.48,"n":46380.34},"geometry":{"type":"Polygon","coordinates":[[[486250.5,46270.6],[486251.6,46276.9],[486253.3,46286.2],[486262.3,46292.0],[486271.0,46312.2],[486272.3,46329.8],[486278.5,46342.8],[486284.3,46361.1],[486285.2,46364.2],[486301.7,46382.1],[486299.8,46385.8],[486282.5,46366.0],[486269.1,46329.9],[486267.7,46312.2],[486260.5,46294.5],[486251.0,46287.6],[486247.8,46269.6],[486250.5,46270.6]]]}},{"type":"Feature","properties":{"parcel":"2507/1","area_m2":1024,"e":486302.18,"n":46280.28},"geometry":{"type":"Polygon","coordinates":[[[486313.5,46298.5],[486314.5,46302.9],[486315.8,46308.5],[486295.5,46326.1],[486284.0,46309.3],[486297.6,46301.6],[486291.5,46273.7],[486309.8,46269.7],[486316.3,46297.2],[486313.5,46298.5]]]}},{"type":"Feature","properties":{"parcel":"2800/2","area_m2":2555,"e":486244.86,"n":46324.83},"geometry":{"type":"Polygon","coordinates":[[[486243.4,46270.9],[486247.0,46289.0],[486257.7,46297.1],[486262.9,46312.7],[486263.3,46329.9],[486270.5,46344.1],[486274.8,46360.8],[486255.7,46366.8],[486228.6,46340.1],[486206.4,46337.9],[486238.9,46301.0],[486243.4,46270.9]]]}},{"type":"Feature","properties":{"parcel":"2813/1","area_m2":2399,"e":486158.96,"n":46326.05},"geometry":{"type":"Polygon","coordinates":[[[486201.5,46273.7],[486213.7,46283.6],[486182.5,46316.6],[486172.9,46327.2],[486136.5,46360.1],[486115.0,46379.8],[486104.2,46368.8],[486136.2,46336.7],[486151.7,46322.1],[486198.9,46272.3],[486201.5,46273.7]]]}},{"type":"Feature","properties":{"parcel":"2803","area_m2":4320,"e":486170.76,"n":46344.85},"geometry":{"type":"Polygon","coordinates":[[[486238.9,46301.0],[486206.4,46337.9],[486166.3,46376.3],[486156.6,46385.8],[486149.1,46380.9],[486111.9,46406.1],[486102.6,46398.7],[486115.0,46379.8],[486136.5,46360.1],[486172.9,46327.2],[486182.5,46316.6],[486213.7,46283.6],[486238.9,46301.0]]]}},{"type":"Feature","properties":{"parcel":"*136","area_m2":218,"e":486319.08,"n":46310.45},"geometry":{"type":"Polygon","coordinates":[[[486314.5,46302.9],[486313.5,46298.5],[486316.3,46297.2],[486323.7,46296.1],[486324.7,46301.3],[486324.3,46316.7],[486322.9,46324.8],[486316.7,46324.6],[486317.7,46316.1],[486315.8,46308.5],[486314.5,46302.9]]]}},{"type":"Feature","properties":{"parcel":"2508","area_m2":781,"e":486307.32,"n":46324.35},"geometry":{"type":"Polygon","coordinates":[[[486315.8,46308.5],[486317.7,46316.1],[486316.7,46324.6],[486322.9,46324.8],[486324.3,46316.7],[486324.7,46301.3],[486328.7,46299.6],[486326.7,46316.6],[486326.1,46323.1],[486320.6,46331.7],[486312.3,46342.0],[486305.2,46349.1],[486296.1,46343.8],[486288.5,46336.4],[486285.9,46333.3],[486295.5,46326.1],[486315.8,46308.5]]]}},{"type":"Feature","properties":{"parcel":"*124","area_m2":725,"e":486292.34,"n":46359.29},"geometry":{"type":"Polygon","coordinates":[[[486288.5,46336.4],[486296.1,46343.8],[486305.2,46349.1],[486306.2,46369.2],[486301.7,46382.1],[486285.2,46364.2],[486284.3,46361.1],[486278.5,46342.8],[486288.5,46336.4]]]}},{"type":"Feature","properties":{"parcel":"2799","area_m2":2676,"e":486211.04,"n":46366.11},"geometry":{"type":"Polygon","coordinates":[[[486240.1,46371.5],[486235.0,46362.7],[486183.3,46394.3],[486166.3,46376.3],[486206.4,46337.9],[486228.6,46340.1],[486255.7,46366.8],[486240.1,46371.5]]]}},{"type":"Feature","properties":{"parcel":"2509","area_m2":1183,"e":486326.83,"n":46368.67},"geometry":{"type":"Polygon","coordinates":[[[486343.3,46352.8],[486345,46356.8],[486344.6,46374.1],[486335.0,46381.6],[486327.7,46395.7],[486322.0,46383.0],[486318.2,46376.5],[486313.9,46379.0],[486310.5,46381.0],[486308.7,46369.5],[486310.6,46353.0],[486317.9,46341.7],[486329.8,46343.9],[486343.3,46352.8]]]}},{"type":"Feature","properties":{"parcel":"2997","area_m2":842,"e":486145.4,"n":46505.25},"geometry":{"type":"Polygon","coordinates":[[[486162.0,46469.2],[486138.0,46542.8],[486128.8,46535.1],[486149.3,46467.7],[486162.0,46469.2]]]}},{"type":"Feature","properties":{"parcel":"2998","area_m2":903,"e":486155.99,"n":46509.65},"geometry":{"type":"Polygon","coordinates":[[[486173.9,46471.2],[486147.3,46550.1],[486138.0,46542.8],[486162.0,46469.2],[486173.9,46471.2]]]}},{"type":"Feature","properties":{"parcel":"2999","area_m2":971,"e":486163.76,"n":46520},"geometry":{"type":"Polygon","coordinates":[[[486185.0,46472.5],[486157.6,46557.9],[486147.3,46550.1],[486173.9,46471.2],[486185.0,46472.5]]]}},{"type":"Feature","properties":{"parcel":"3003","area_m2":1525,"e":486185.04,"n":46492.87},"geometry":{"type":"Polygon","coordinates":[[[486200.1,46474.9],[486194.3,46490.6],[486179.4,46530.7],[486164.2,46581.1],[486152.0,46574.6],[486157.6,46557.9],[486185.0,46472.5],[486200.1,46474.9]]]}},{"type":"Feature","properties":{"parcel":"3004","area_m2":2665,"e":486179.54,"n":46571.73},"geometry":{"type":"Polygon","coordinates":[[[486203.2,46476.1],[486213.2,46482.6],[486195.2,46515.8],[486192.6,46520.2],[486193.2,46530.3],[486198.0,46614.2],[486186,46615.7],[486164.2,46581.1],[486179.4,46530.7],[486194.3,46490.6],[486200.1,46474.9],[486203.2,46476.1]]]}},{"type":"Feature","properties":{"parcel":"2993","area_m2":2500,"e":486157.99,"n":46592.16},"geometry":{"type":"Polygon","coordinates":[[[486009.4,46486.5],[486014.7,46480.3],[486037.3,46502.9],[486075.5,46526.7],[486113.7,46549.0],[486123.2,46553.5],[486132.6,46558.5],[486141.5,46566.2],[486152.0,46574.6],[486164.2,46581.1],[486186,46615.7],[486176.4,46623.5],[486155.7,46600.3],[486099.6,46550.8],[486071.2,46531.3],[486028.3,46504.8],[486006.7,46490.4],[486009.4,46486.5]]]}},{"type":"Feature","properties":{"parcel":"3005/3","area_m2":2238,"e":486214.99,"n":46508.23},"geometry":{"type":"Polygon","coordinates":[[[486216.9,46486.3],[486232.4,46503.8],[486217.7,46521.0],[486212.5,46526.2],[486204.9,46540.7],[486217.0,46619.1],[486198.0,46614.2],[486193.2,46530.3],[486192.6,46520.2],[486195.2,46515.8],[486213.2,46482.6],[486216.9,46486.3]]]}},{"type":"Feature","properties":{"parcel":"2994","area_m2":1931,"e":486054.17,"n":46526.87},"geometry":{"type":"Polygon","coordinates":[[[486006.7,46490.4],[486028.3,46504.8],[486071.2,46531.3],[486099.6,46550.8],[486155.7,46600.3],[486176.4,46623.5],[486170.7,46627.7],[486148.7,46605.5],[486090.5,46555.0],[486051.3,46530.5],[486028.7,46515.9],[486002.5,46499.3],[486006.7,46490.4]]]}},{"type":"Feature","properties":{"parcel":"3005/4","area_m2":5698,"e":486206.74,"n":46646.07},"geometry":{"type":"Polygon","coordinates":[[[486242.1,46512.2],[486252.2,46515.9],[486267.9,46520.2],[486258.5,46523.6],[486245.0,46529.9],[486226.1,46539.3],[486217.9,46541.5],[486226.3,46577.5],[486243.8,46631.4],[486204.9,46678.9],[486181.8,46657.3],[486159.2,46636.3],[486164.1,46632.5],[486170.7,46627.7],[486176.4,46623.5],[486186,46615.7],[486198.0,46614.2],[486217.0,46619.1],[486204.9,46540.7],[486212.5,46526.2],[486217.7,46521.0],[486232.4,46503.8],[486242.1,46512.2]]]}},{"type":"Feature","properties":{"parcel":"3013","area_m2":1870,"e":486014.06,"n":46526.1},"geometry":{"type":"Polygon","coordinates":[[[486002.3,46512.5],[486028.7,46527.3],[486034.4,46531.2],[486085.1,46560.5],[486142.4,46612.6],[486164.1,46632.5],[486159.2,46636.3],[486158.2,46637.1],[486110.9,46596.0],[486077.9,46565.6],[486012.1,46531.6],[485995.6,46522.7],[486002.3,46512.5]]]}},{"type":"Feature","properties":{"parcel":"3012","area_m2":2949,"e":486083.96,"n":46582.69},"geometry":{"type":"Polygon","coordinates":[[[485981.3,46515.4],[485995.6,46522.7],[486012.1,46531.6],[486077.9,46565.6],[486110.9,46596.0],[486158.2,46637.1],[486151.0,46642.1],[486138.2,46632.4],[486087.5,46595.7],[486062.9,46577.8],[486004.6,46542.4],[485986.3,46531.5],[485975.5,46524.3],[485981.3,46515.4]]]}},{"type":"Feature","properties":{"parcel":"3011/2","area_m2":1975,"e":486064.08,"n":46584.17},"geometry":{"type":"Polygon","coordinates":[[[485975.5,46524.3],[485986.3,46531.5],[486004.6,46542.4],[486062.9,46577.8],[486087.5,46595.7],[486138.2,46632.4],[486151.0,46642.1],[486143.9,46647.9],[486086.8,46607.7],[486021.7,46563.6],[485971.5,46530.2],[485975.5,46524.3]]]}},{"type":"Feature","properties":{"parcel":"3010","area_m2":4233,"e":486098.24,"n":46674.83},"geometry":{"type":"Polygon","coordinates":[[[485913.4,46530.6],[485959.8,46560.1],[485974.2,46574.7],[486014.8,46611.6],[486118.0,46678.4],[486180.4,46731.8],[486190.6,46755.8],[486115.6,46696.2],[486010.7,46625.9],[485967.1,46581.3],[485941.0,46561.3],[485936.4,46557.0],[485909.2,46542.7],[485913.4,46530.6]]]}},{"type":"Feature","properties":{"parcel":"3002","area_m2":205,"e":486149.51,"n":46562.36},"geometry":{"type":"Polygon","coordinates":[[[486157.6,46557.9],[486152.0,46574.6],[486141.5,46566.2],[486147.3,46550.1],[486157.6,46557.9]]]}},{"type":"Feature","properties":{"parcel":"3006","area_m2":266,"e":486156.54,"n":46619},"geometry":{"type":"Polygon","coordinates":[[[486148.7,46605.5],[486170.7,46627.7],[486164.1,46632.5],[486142.4,46612.6],[486148.7,46605.5]]]}},{"type":"Feature","properties":{"parcel":"3220/3","area_m2":4291,"e":485873.18,"n":46382.25},"geometry":{"type":"Polygon","coordinates":[[[486232.4,46503.8],[486216.9,46486.3],[486213.2,46482.6],[486203.2,46476.1],[486200.1,46474.9],[486185.0,46472.5],[486173.9,46471.2],[486162.0,46469.2],[486149.3,46467.7],[486137.1,46465.9],[486092.7,46465.7],[486074.6,46465.4],[486057.7,46464.0],[486033.6,46449.3],[486011.6,46435.5],[485998.9,46426.9],[485990.6,46418.5],[485987.0,46417.2],[485974.7,46411.4],[485961.8,46410.0],[485948.9,46407.6],[485937.6,46405.0],[485925.8,46402.0],[485915.2,46399.8],[485904.5,46397.0],[485885.6,46391.7],[485873.2,46388.6],[485853.0,46381.9],[485842.8,46377.9],[485832.0,46380.5],[485826.9,46382.2],[485824.0,46382.7],[485816.1,46385],[485815.2,46385.2],[485799.9,46387.3],[485790.3,46388.7],[485775.4,46389.3],[485760.3,46385.9],[485746.1,46382.3],[485733.9,46383.6],[485723.5,46377.8],[485705.6,46366.7],[485693.7,46358.0],[485681.2,46357.0],[485673.1,46355.9],[485670.2,46356.3],[485670.7,46354.4],[485673.2,46354.5],[485673.5,46352.8],[485673.3,46352.1],[485673.1,46351.9],[485683.9,46351.3],[485697.3,46355.4],[485704.3,46358.4],[485714.9,46362.5],[485724.7,46366.0],[485736.7,46367.3],[485745.2,46376.9],[485754.1,46379.2],[485766.5,46382.5],[485779.9,46385.2],[485792.8,46382.7],[485807,46379.4],[485819.8,46376.3],[485834.5,46373],[485845.2,46372.4],[485858.1,46371.8],[485860.6,46372.0],[485870.1,46375.2],[485881.2,46378.7],[485890.0,46381.8],[485900.4,46385.6],[485910.6,46389.7],[485921.1,46394.2],[485929.4,46397.8],[485939.8,46401.3],[485951.4,46404.2],[485962.7,46406.4],[485978.1,46409.1],[485989.7,46415.1],[486000.4,46423.0],[486012.9,46432.4],[486035.9,46445.6],[486058.1,46457.9],[486075.6,46461.8],[486093.7,46462.3],[486124.2,46462.4],[486141.1,46462.3],[486154.2,46464.5],[486170.5,46466.7],[486184.0,46469.1],[486201.2,46471.8],[486217.2,46479.2],[486235.1,46500.6],[486232.4,46503.8]]]}},{"type":"Feature","properties":{"parcel":"2802","area_m2":2582,"e":486101.19,"n":46426.7},"geometry":{"type":"Polygon","coordinates":[[[486111.9,46406.1],[486149.1,46380.9],[486156.6,46385.8],[486125.5,46416.5],[486093.7,46462.3],[486075.6,46461.8],[486058.1,46457.9],[486102.6,46398.7],[486111.9,46406.1]]]}},{"type":"Feature","properties":{"parcel":"2801","area_m2":3683,"e":486157.74,"n":46406.31},"geometry":{"type":"Polygon","coordinates":[[[486166.3,46376.3],[486183.3,46394.3],[486235.0,46362.7],[486240.1,46371.5],[486189.2,46402.5],[486158.1,46431.3],[486124.2,46462.4],[486093.7,46462.3],[486125.5,46416.5],[486156.6,46385.8],[486166.3,46376.3]]]}},{"type":"Feature","properties":{"parcel":"2796","area_m2":1899,"e":486181.5,"n":46419.78},"geometry":{"type":"Polygon","coordinates":[[[486246.5,46381.2],[486227.6,46394.4],[486180.6,46429.8],[486141.1,46462.3],[486124.2,46462.4],[486158.1,46431.3],[486189.2,46402.5],[486240.1,46371.5],[486246.5,46381.2]]]}},{"type":"Feature","properties":{"parcel":"2795","area_m2":1669,"e":486243.02,"n":46394.25},"geometry":{"type":"Polygon","coordinates":[[[486253.6,46392.9],[486154.2,46464.5],[486141.1,46462.3],[486180.6,46429.8],[486227.6,46394.4],[486246.5,46381.2],[486253.6,46392.9]]]}},{"type":"Feature","properties":{"parcel":"2794","area_m2":1338,"e":486170.68,"n":46459.74},"geometry":{"type":"Polygon","coordinates":[[[486258.6,46398.1],[486259.5,46403.1],[486170.5,46466.7],[486154.2,46464.5],[486253.6,46392.9],[486258.6,46398.1]]]}},{"type":"Feature","properties":{"parcel":"2793","area_m2":1284,"e":486244.01,"n":46423.72},"geometry":{"type":"Polygon","coordinates":[[[486261.0,46421.6],[486184.0,46469.1],[486170.5,46466.7],[486259.5,46403.1],[486261.0,46421.6]]]}},{"type":"Feature","properties":{"parcel":"2792","area_m2":1075,"e":486228.01,"n":46449.79},"geometry":{"type":"Polygon","coordinates":[[[486262.2,46438.7],[486243.9,46449.3],[486201.2,46471.8],[486184.0,46469.1],[486261.0,46421.6],[486262.2,46438.7]]]}},{"type":"Feature","properties":{"parcel":"2798","area_m2":137,"e":486248.24,"n":46374.03},"geometry":{"type":"Polygon","coordinates":[[[486256.4,46377.8],[486246.5,46381.2],[486240.1,46371.5],[486255.7,46366.8],[486256.4,46377.8]]]}},{"type":"Feature","properties":{"parcel":"2797","area_m2":68,"e":486251.44,"n":46385.33},"geometry":{"type":"Polygon","coordinates":[[[486256.4,46377.8],[486256.3,46390.8],[486253.6,46392.9],[486246.5,46381.2],[486256.4,46377.8]]]}},{"type":"Feature","properties":{"parcel":"2800/1","area_m2":999,"e":486275.59,"n":46379.42},"geometry":{"type":"Polygon","coordinates":[[[486255.7,46366.8],[486274.8,46360.8],[486297.6,46393.6],[486283.1,46395.0],[486264.0,46397.4],[486258.6,46398.1],[486253.6,46392.9],[486256.3,46390.8],[486256.4,46377.8],[486255.7,46366.8]]]}},{"type":"Feature","properties":{"parcel":"2789/1","area_m2":2532,"e":486296.16,"n":46481.33},"geometry":{"type":"Polygon","coordinates":[[[486283.1,46395.0],[486292.5,46449.8],[486293.9,46459.0],[486300.4,46456.4],[486321.2,46479.3],[486301.2,46493.5],[486280.3,46501.2],[486272.6,46450.2],[486264.0,46397.4],[486283.1,46395.0]]]}},{"type":"Feature","properties":{"parcel":"2789/3","area_m2":2403,"e":486295.15,"n":46411.69},"geometry":{"type":"Polygon","coordinates":[[[486297.6,46393.6],[486321.5,46409.8],[486312.0,46409.8],[486309.7,46435.9],[486322.6,46438.9],[486319.2,46442.3],[486313.3,46448.2],[486324.3,46459.5],[486327.2,46456.3],[486329.9,46452.7],[486334.2,46449.3],[486336.0,46447.0],[486347.2,46467.1],[486328.3,46488.3],[486320.6,46490.0],[486330.5,46480.6],[486321.2,46479.3],[486300.4,46456.4],[486293.9,46459.0],[486292.5,46449.8],[486283.1,46395.0],[486297.6,46393.6]]]}},{"type":"Feature","properties":{"parcel":"3215/2","area_m2":274,"e":486333.3,"n":46418.9},"geometry":{"type":"Polygon","coordinates":[[[486337.8,46431.0],[486343.0,46445.1],[486356.6,46470.3],[486357.2,46471.4],[486364.8,46484.4],[486360.2,46483.6],[486342.3,46449.7],[486340.3,46446.1],[486334.9,46431.9],[486329.6,46410.8],[486312.4,46398.2],[486299.8,46385.8],[486301.7,46382.1],[486311.8,46393.0],[486327.3,46405.8],[486332.7,46409.6],[486337.8,46431.0]]]}},{"type":"Feature","properties":{"parcel":"2789/4","area_m2":507,"e":486322.83,"n":46429.52},"geometry":{"type":"Polygon","coordinates":[[[486322.9,46411.4],[486330.0,46435.4],[486336.0,46447.0],[486334.2,46449.3],[486322.6,46438.9],[486309.7,46435.9],[486312.0,46409.8],[486321.5,46409.8],[486322.9,46411.4]]]}},{"type":"Feature","properties":{"parcel":"*151","area_m2":67,"e":486319.06,"n":46386.09},"geometry":{"type":"Polygon","coordinates":[[[486318.2,46376.5],[486322.0,46383.0],[486327.7,46395.7],[486315.6,46390.2],[486310.5,46381.0],[486313.9,46379.0],[486318.2,46376.5]]]}},{"type":"Feature","properties":{"parcel":"3245","area_m2":5088,"e":486299.5,"n":46390.68},"geometry":{"type":"Polygon","coordinates":[[[485684.2,45930.4],[485663.6,45931.5],[485649.5,45932.8],[485644.6,45931.4],[485617.0,45923.6],[485628.3,45924.5],[485645.5,45926.9],[485651.5,45927.6],[485678.3,45925.9],[485690.4,45924.2],[485719.2,45919.3],[485738.6,45920.5],[485757.1,45933.2],[485781.8,45950.2],[485803.6,45973.0],[485803.9,45981.7],[485805.0,45987.7],[485807.3,45988.2],[485825.6,45992.7],[485831.1,45997.0],[485843.5,45989.7],[485859.7,45989.8],[485871.6,45992.2],[485886.8,45994.4],[485909.4,46004.6],[485910.3,46004.9],[485934.1,46014.2],[485950.4,46018.7],[485953.7,46019.1],[485962.2,46017.5],[485969.7,46016.1],[485974.3,46015],[485979.5,46015.8],[485981.8,46017.1],[485994.9,46024.3],[486010,46032.0],[486014.5,46034.7],[486018.1,46036.8],[486029.0,46034.3],[486038.2,46038.1],[486049.1,46051.8],[486059.2,46068.7],[486063.2,46075.7],[486075.0,46086.2],[486085.6,46098.8],[486086.4,46099.8],[486086.3,46102.8],[486082.5,46119.3],[486091.7,46128.8],[486101.6,46134.4],[486109.1,46145.8],[486122.0,46161.3],[486124.2,46163.1],[486143.0,46171.8],[486152.2,46174.2],[486160.4,46171.2],[486168.2,46173.9],[486173.7,46182.2],[486176.8,46193.8],[486181.4,46200.3],[486182.5,46202.1],[486186.2,46205.4],[486189.4,46208.3],[486192.9,46208.8],[486195.2,46209.2],[486197.3,46209.7],[486206.3,46222.3],[486212.4,46228.7],[486224.7,46235.0],[486234.3,46243.1],[486247.8,46269.6],[486251.0,46287.6],[486260.5,46294.5],[486267.7,46312.2],[486269.1,46329.9],[486282.5,46366.0],[486299.8,46385.8],[486312.4,46398.2],[486329.6,46410.8],[486334.9,46431.9],[486340.3,46446.1],[486342.3,46449.7],[486360.2,46483.6],[486369.5,46498.7],[486360.3,46521.3],[486366.1,46522.7],[486370.0,46523.5],[486377.9,46520.7],[486389.5,46520.0],[486395.3,46524.2],[486387.8,46524.6],[486385.0,46524.5],[486375.3,46524.9],[486368.0,46527.2],[486364.4,46526.4],[486356,46522.9],[486365.2,46500.9],[486347.2,46467.1],[486336.0,46447.0],[486330.0,46435.4],[486322.9,46411.4],[486321.5,46409.8],[486297.6,46393.6],[486274.8,46360.8],[486270.5,46344.1],[486263.3,46329.9],[486262.9,46312.7],[486257.7,46297.1],[486247.0,46289.0],[486243.4,46270.9],[486241.0,46264.5],[486232.3,46245.2],[486223.8,46238.8],[486207.3,46229.0],[486202.9,46224.4],[486201.0,46221.7],[486195.7,46213.0],[486188.8,46210.3],[486184.8,46208.0],[486181.1,46205.3],[486175.9,46201.2],[486175.0,46196.7],[486173.0,46192.3],[486170.8,46183.4],[486167.7,46178.3],[486161.5,46175.3],[486153.5,46177.3],[486126.9,46169.2],[486122.5,46165.7],[486113.9,46156.7],[486104.4,46145.4],[486099.8,46137.7],[486090.9,46132.8],[486086.7,46129.3],[486078.2,46119.8],[486082.6,46100.4],[486077.2,46092.9],[486065.4,46084.8],[486062.6,46080.7],[486047.1,46054.2],[486035.4,46040.1],[486028.8,46038.4],[486017.2,46041.2],[486010.1,46036.6],[486006.0,46034.4],[485985.6,46021.8],[485975.7,46018.7],[485953.9,46022.6],[485949.3,46021.6],[485932.6,46017.1],[485908.2,46008.7],[485885.5,45998.9],[485881.0,45997.8],[485875.1,45996.4],[485860.5,45993.9],[485853.2,45993.9],[485844.5,45993.1],[485830.6,46001.9],[485824.2,45995.6],[485802.0,45990.9],[485799.2,45975.3],[485794.6,45970.7],[485780.2,45953.5],[485750.5,45933.8],[485746.7,45931.3],[485735.6,45923.8],[485719.0,45922.6],[485685.8,45929.8],[485685.1,45929.9],[485684.2,45930.4]]]}},{"type":"Feature","properties":{"parcel":"2353/7","area_m2":21730,"e":486293.21,"n":46141.55},"geometry":{"type":"Polygon","coordinates":[[[486240.7,46014.8],[486251.1,46020.0],[486262.7,46025.1],[486286.5,46040.5],[486296.8,46045.9],[486301.3,46051.9],[486307.5,46059.6],[486320.4,46066.9],[486341.0,46072.3],[486368.4,46079.4],[486374.0,46083.5],[486342.4,46120.8],[486337.8,46139.3],[486321.0,46150.3],[486301.4,46172.7],[486297.0,46185.8],[486298.0,46213.0],[486293.0,46222.9],[486289.6,46231.1],[486278.7,46248.9],[486262.9,46265.9],[486251.6,46276.9],[486250.5,46270.6],[486247.8,46269.6],[486234.3,46243.1],[486224.7,46235.0],[486212.4,46228.7],[486226.1,46006.2],[486240.7,46014.8]]]}},{"type":"Feature","properties":{"parcel":"2810","area_m2":442,"e":486175.33,"n":46240.89},"geometry":{"type":"Polygon","coordinates":[[[486158.6,46236.4],[486167.5,46227.4],[486192.1,46240.4],[486176.8,46254.3],[486173.1,46251.0],[486163.0,46241.8],[486158.6,46236.4]]]}},{"type":"Feature","properties":{"parcel":"2809/1","area_m2":573,"e":486224.16,"n":46246.76},"geometry":{"type":"Polygon","coordinates":[[[486207.3,46229.0],[486223.8,46238.8],[486232.3,46245.2],[486241.0,46264.5],[486231.2,46259.8],[486208.6,46245.1],[486207.3,46229.0]]]}},{"type":"Feature","properties":{"parcel":"2807","area_m2":309,"e":486192.15,"n":46251.36},"geometry":{"type":"Polygon","coordinates":[[[486207.5,46248.5],[486184.6,46262.3],[486176.8,46254.3],[486192.1,46240.4],[486207.5,46248.5]]]}},{"type":"Feature","properties":{"parcel":"2806","area_m2":230,"e":486196.03,"n":46261.09},"geometry":{"type":"Polygon","coordinates":[[[486207.5,46248.5],[486201.5,46273.7],[486198.9,46272.3],[486184.6,46262.3],[486207.5,46248.5]]]}},{"type":"Feature","properties":{"parcel":"3216","area_m2":2673,"e":485802.2,"n":45995.06},"geometry":{"type":"Polygon","coordinates":[[[485859.0,46016.9],[485837.3,46008.7],[485812.1,45999.2],[485806.0,45998.7],[485795.8,45999.4],[485777.8,45993.8],[485759.3,45988.5],[485741.5,45983.2],[485701.6,45982.8],[485694.2,45979.3],[485679.6,45973.1],[485667.3,45968.1],[485662.9,45966.2],[485649.9,45958.6],[485631.9,45947.8],[485612.4,45932.6],[485613.5,45929.8],[485634.8,45944.6],[485651.2,45955.1],[485662.9,45962.7],[485669.1,45965.0],[485680.5,45969.3],[485701.3,45976.7],[485751.0,45978.4],[485796.3,45993.3],[485794.6,45970.7],[485799.2,45975.3],[485802.0,45990.9],[485815.7,45997.2],[485842.3,46007.6],[485862.9,46014.9],[485887.4,46033.0],[485934.5,46065.5],[485957.5,46073.4],[485966.7,46077.3],[485974.6,46081.3],[486023.6,46105.8],[486042.7,46119.2],[486049.9,46124.4],[486060.8,46135.8],[486072.2,46141.5],[486087.4,46141.8],[486095.4,46147.3],[486107.1,46159.6],[486118.2,46170.3],[486126.5,46173.5],[486143.6,46201.9],[486149.4,46209.9],[486157.7,46215.9],[486170.2,46224.8],[486195.5,46238.4],[486208.6,46245.1],[486231.2,46259.8],[486241.0,46264.5],[486243.4,46270.9],[486242.7,46270.4],[486207.5,46248.5],[486192.1,46240.4],[486167.5,46227.4],[486146.3,46212.8],[486139.9,46202.3],[486123.2,46176.2],[486115.6,46173.1],[486099.8,46157.3],[486093.1,46149.8],[486086.2,46144.7],[486070.5,46143.7],[486058.9,46138.6],[486046.7,46125.7],[486022.7,46109.5],[485965.1,46079.9],[485959.4,46077.7],[485938.2,46070.1],[485933.0,46068.7],[485886.1,46036.3],[485859.0,46016.9]]]}},{"type":"Feature","properties":{"parcel":"3217","area_m2":7230,"e":486376.48,"n":46081.36},"geometry":{"type":"Polygon","coordinates":[[[486213.6,45859.4],[486214.6,45890.3],[486217.9,45902.7],[486220.1,45913.2],[486218,45975.8],[486221.2,45986.8],[486231.0,46001.1],[486243.6,46011.5],[486259.3,46018.8],[486274.0,46027.3],[486300.3,46041.7],[486309.4,46056.3],[486323.5,46064],[486340.0,46068.0],[486364.8,46072.9],[486378.3,46077.8],[486383.3,46087.8],[486388.7,46097.8],[486394.8,46115.5],[486399.6,46128.1],[486399.8,46146.7],[486406.9,46155.8],[486431.9,46162.0],[486448.3,46178.8],[486451.5,46190.7],[486452.7,46207.4],[486450.0,46216.4],[486447.7,46224.7],[486443.7,46261.0],[486445.0,46274.1],[486456.5,46279.8],[486454.5,46284.6],[486450.0,46282.3],[486438.8,46276.3],[486439.7,46264.8],[486442.2,46238.3],[486443.6,46225.1],[486444.8,46222.0],[486446.9,46205.5],[486446.1,46191.1],[486443.1,46182.1],[486437.3,46178.7],[486429.4,46165.1],[486403.7,46159.9],[486395.7,46146.1],[486394.6,46130.3],[486383.8,46099.2],[486380.6,46092.7],[486374.0,46083.5],[486368.4,46079.4],[486341.0,46072.3],[486320.4,46066.9],[486307.5,46059.6],[486301.3,46051.9],[486296.8,46045.9],[486286.5,46040.5],[486262.7,46025.1],[486251.1,46020.0],[486240.7,46014.8],[486226.1,46006.2],[486215.7,45988.8],[486213.6,45971.3],[486216.2,45940.7],[486214.2,45916.5],[486210.5,45901.2],[486207.8,45863.2],[486193.2,45854.3],[486159.7,45839.2],[486146.9,45832.6],[486135.2,45826.7],[486127.8,45824.9],[486104.2,45818.2],[486100.5,45814.8],[486093.1,45809.6],[486086.9,45807.9],[486081.5,45803.7],[486068.6,45794.6],[486053.8,45776.5],[486051.3,45765.4],[486046.7,45756.5],[486026.6,45715.9],[486024.1,45709.6],[486012.1,45694.5],[486002.6,45689.3],[485995.3,45682.4],[485969.0,45674.3],[485958.5,45665.5],[485951.6,45655.5],[485945.9,45646.5],[485936.5,45638.1],[485932.7,45616.4],[485940.2,45607.3],[485949.0,45595.9],[485954.6,45577.0],[485952.9,45569.9],[485927.3,45552.1],[485908.3,45545.3],[485899.3,45541.2],[485895.9,45532.6],[485892.7,45508.0],[485890.5,45498.5],[485890.2,45481],[485887.5,45466.8],[485882.7,45450.6],[485882.8,45435.8],[485889.2,45429.2],[485900.0,45419.4],[485900.0,45413.9],[485896.4,45404.3],[485896.7,45397.8],[485892.3,45372.0],[485884.2,45360.4],[485861.4,45347.4],[485857.5,45342.2],[485846.2,45327.4],[485830.0,45312.9],[485816.1,45306.7],[485803.3,45301.1],[485791.7,45296.0],[485780.3,45289.4],[485765.8,45288.4],[485763.2,45285.1],[485757.8,45278.1],[485747.1,45272.6],[485724.3,45268.8],[485718.1,45267.8],[485687.8,45259.9],[485671.9,45248.2],[485658.8,45236.8],[485647.8,45226.8],[485643.0,45220.5],[485635.7,45217.8],[485619.9,45209.1],[485608.2,45202.2],[485604.1,45199.0],[485591.3,45195.2],[485570.0,45185.5],[485546.6,45166],[485552.0,45165.6],[485568.8,45179.3],[485580.3,45184.7],[485592.0,45191.7],[485606.8,45195.2],[485625.0,45206.9],[485639.8,45213.9],[485645.7,45216.7],[485662.6,45234.7],[485675.0,45244.3],[485689.2,45255.4],[485697.1,45258.2],[485721.5,45264.0],[485740.5,45266.7],[485746.7,45268.4],[485759.8,45274.6],[485768.1,45284.7],[485774.7,45286.1],[485785.8,45287.0],[485804.8,45298.0],[485805.8,45298.4],[485818.2,45303.5],[485831.9,45309.5],[485833.8,45310.4],[485838.3,45314.6],[485847.9,45323.6],[485855.9,45330.2],[485860.4,45336.5],[485863.1,45342.5],[485881.1,45352.8],[485886.7,45357.9],[485893.4,45366.4],[485896.2,45377.8],[485900.2,45393.2],[485900.6,45407.0],[485906.7,45421.1],[485903.2,45424.9],[485892.7,45431.6],[485887.3,45437.6],[485887.8,45452.4],[485892.5,45469.0],[485895.2,45480.0],[485896.3,45498.3],[485898.4,45506.6],[485899.5,45528.4],[485902.5,45538.3],[485911.5,45542.4],[485928.6,45546.5],[485948.5,45560.1],[485957.4,45569.3],[485959.2,45579.2],[485956.7,45589.2],[485952.3,45600.5],[485942.7,45610.1],[485937.6,45619.4],[485941.3,45635.6],[485949.0,45644.5],[485956.5,45654.5],[485963.7,45664.2],[485969.4,45668.7],[485997.0,45678.8],[486001.4,45683.8],[486006.7,45688.0],[486015.4,45692.1],[486026.1,45705.2],[486029.8,45712.2],[486055.4,45763.3],[486057.9,45774.3],[486062.2,45781.3],[486070.6,45789.0],[486090.2,45803.8],[486097.2,45806.7],[486107.9,45813.3],[486131.3,45819.6],[486138.6,45822.5],[486149.8,45830.9],[486167.5,45838.9],[486188.1,45846.9],[486207.0,45856.1],[486213.6,45859.4]]]}},{"type":"Feature","properties":{"parcel":"3244","area_m2":31326,"e":486506.52,"n":46614.32},"geometry":{"type":"Polygon","coordinates":[[[486287.9,46607.1],[486297.0,46613.0],[486308.3,46619.9],[486320.7,46628.8],[486324.4,46639.3],[486336.6,46666.1],[486360.7,46682.5],[486375.3,46680.2],[486389.9,46644.0],[486400.5,46617.9],[486414.8,46604.7],[486425.5,46603.7],[486433.4,46603.2],[486452.3,46600.5],[486477.3,46601.4],[486507.8,46604.7],[486521.6,46608.8],[486551.2,46630.1],[486557.0,46628.9],[486564.1,46627.7],[486570.1,46626.5],[486575.8,46625.3],[486598.1,46617.0],[486607.2,46613.1],[486625.9,46593.6],[486636.7,46589.4],[486674.3,46573.6],[486687.4,46570.5],[486700.4,46576.3],[486702.5,46577.8],[486705.4,46581.8],[486696.4,46601.1],[486687.4,46607.3],[486684.3,46615.2],[486696.2,46628.1],[486698.8,46636.3],[486706.8,46642.1],[486721.4,46643.9],[486745.2,46632.3],[486758.2,46616.1],[486771.8,46609.8],[486780.5,46611.8],[486797.2,46616.2],[486820.0,46621.4],[486826.2,46624.8],[486843.3,46635.0],[486861.9,46630.8],[486879.1,46620.1],[486891,46606.0],[486903.2,46591.0],[486914.5,46577.1],[486924.9,46563.7],[486930.1,46556],[486936.8,46547.6],[486945.8,46542.2],[486956.8,46540.5],[486965.8,46530.9],[486969.1,46523.5],[486960.1,46495.9],[486953.7,46496.6],[486922.7,46466.7],[486938.5,46445.3],[486944.4,46443.3],[486983.2,46426.7],[486991.9,46422.3],[487001.3,46417.3],[487009.7,46413.7],[487015.1,46411.4],[487021.1,46408.8],[487038.6,46404.1],[487046.9,46411.3],[487048.7,46419.7],[487050.1,46426.3],[487052.2,46434.3],[487053.6,46442.9],[487058.5,46455.7],[487060.2,46461.8],[487068.6,46483.7],[487084.2,46470.1],[487088.1,46468.0],[487100.8,46463.7],[487105.8,46458.6],[487107.0,46457.1],[487110.2,46452.9],[487112.4,46445.7],[487108.4,46436.7],[487105.7,46428.3],[487105.7,46425.6],[487111.2,46423.8],[487095.7,46408.3],[487067.9,46397.5],[487071.4,46391.2],[487096.8,46404.5],[487115.1,46423.0],[487122.2,46411.6],[487141.6,46380.9],[487160.1,46358.0],[487178.9,46333.8],[487197.0,46312.7],[487208.0,46298.6],[487238.6,46242.4],[487249.2,46223.0],[487254.3,46222.7],[487241.2,46247.2],[487211.4,46300.6],[487199.8,46315.5],[487188.4,46329.4],[487173.3,46347.6],[487151.2,46375.2],[487140.2,46391.2],[487117.1,46427.7],[487112.4,46427.5],[487109.8,46429.3],[487112.5,46434.7],[487117.3,46446.1],[487113.0,46456.2],[487105.4,46466.8],[487093.6,46470.5],[487086.0,46482.5],[487076.5,46489.6],[487069.5,46497.5],[487059.5,46481.1],[487053.4,46469.8],[487052.7,46464.6],[487051.0,46455.9],[487049.2,46446.0],[487046.3,46434.1],[487041.8,46415.0],[487024.6,46413.2],[487019.3,46416.3],[487014.8,46419.5],[487006.4,46424.0],[486997.4,46429.1],[486987.2,46435.4],[486973.5,46441.8],[486947.0,46453.2],[486945.0,46456.1],[486936.3,46465.5],[486972.1,46500.1],[486980.8,46521.3],[486977.6,46548.9],[486972.0,46539.2],[486968.0,46547.8],[486956.8,46552.2],[486945.4,46555],[486938.9,46565.0],[486930.6,46575.4],[486894.9,46629.0],[486882.5,46634.5],[486868.0,46639.8],[486853.4,46644.6],[486844.2,46643.9],[486836.1,46643.4],[486825.5,46639.6],[486814.3,46629.6],[486771.5,46615.0],[486750.7,46637.9],[486743.0,46642.2],[486734.7,46650.2],[486722.9,46655.2],[486709.9,46657.1],[486700.8,46644.4],[486696,46640.6],[486693.5,46638.6],[486673.7,46610.1],[486687.8,46596.4],[486691.2,46590.3],[486688.0,46576.0],[486677.7,46579.9],[486638.0,46601.3],[486633.0,46604.5],[486627.8,46607.7],[486623.4,46611.4],[486620.2,46614.0],[486609.2,46622.5],[486603.5,46627.7],[486592.3,46628.8],[486548.6,46637.8],[486516.9,46628.1],[486493.3,46616.6],[486489.3,46613.2],[486484.7,46609.2],[486450.9,46610.9],[486429.4,46612.7],[486406.3,46620.7],[486398.7,46644.5],[486392.5,46661.4],[486383.6,46688.4],[486354.0,46692.6],[486327.2,46677.6],[486323.4,46676.8],[486317.2,46675.4],[486321.2,46654.3],[486309.8,46642.9],[486283.1,46617.2],[486279.7,46620.3],[486272.5,46625.1],[486263.9,46630.8],[486254.3,46636.7],[486237.7,46647.6],[486228,46671.6],[486218.5,46681.2],[486203.0,46698.0],[486198.6,46712.3],[486194.6,46720.2],[486194.7,46729.4],[486195.6,46750.6],[486240.6,46788.8],[486238.1,46807.2],[486228.8,46813.3],[486203.6,46831.1],[486185.0,46835.0],[486176.7,46836.9],[486170.6,46837.5],[486161.9,46839.9],[486152.6,46842.3],[486120.9,46839.9],[486094.1,46851.3],[486074.0,46856.2],[486042.3,46901.1],[486034.8,46916.2],[486026.1,46932.2],[485996.0,46951.6],[485947.3,46950.6],[485900.5,46946.4],[485888.4,46945.6],[485873.2,46940.4],[485866.0,46938.9],[485860.1,46988.9],[485840.4,47010.1],[485832.2,47018.3],[485818.9,47033.3],[485799.0,47056.5],[485787.2,47069.3],[485776.8,47081.8],[485736.0,47129.7],[485706.0,47145.9],[485684.1,47157.8],[485645.0,47178.5],[485643.1,47214.8],[485641.6,47235.4],[485638.3,47235.0],[485586.5,47224.6],[485578.9,47222.6],[485541.0,47211.9],[485511.7,47217.6],[485493.9,47160.2],[485492.3,47156.5],[485414.1,47048.6],[485410.1,47043.6],[485368.7,47022.2],[485365.9,47026.5],[485368.3,47037.5],[485353.9,47041.7],[485346.8,47051.4],[485344.8,47053.7],[485280.2,47072.1],[485241.0,47085.7],[485235.1,47097.9],[485229.6,47101.8],[485227.2,47106.5],[485219.9,47111.8],[485215.2,47118.3],[485213.0,47123.3],[485212.5,47127.6],[485209.7,47133.6],[485204.5,47138.0],[485198.0,47151.5],[485195.8,47155.0],[485201.2,47138.0],[485207.9,47129.2],[485210.5,47115.8],[485216.6,47106.6],[485230.6,47091.6],[485237.0,47081.1],[485325.0,47055.9],[485341.4,47051.4],[485368.2,47018.9],[485392.0,47029.8],[485412.0,47038.9],[485420.3,47051.9],[485442.6,47080.6],[485459.8,47103.5],[485477.5,47127.7],[485496.7,47151.1],[485498.9,47160.9],[485514.7,47211.4],[485539.8,47207.1],[485577.5,47217.5],[485585.7,47219.4],[485638.0,47229.8],[485641.7,47173.1],[485695.3,47146.1],[485734.6,47124.8],[485744.8,47090.2],[485733.9,47074.3],[485717.9,47066.5],[485681.7,47048.8],[485684.9,47046.2],[485721.7,47062.2],[485738.8,47069.3],[485748.3,47086.1],[485772.0,47074.8],[485777.3,47067.9],[485804.8,47032.5],[485814.9,47020.9],[485834.2,46999.9],[485847.9,46985.3],[485856.4,46929.8],[485889.3,46929.4],[485900.4,46931.6],[485935.6,46939.2],[485993.1,46943.9],[486016.9,46920.7],[486037.2,46889.4],[486049.8,46871.8],[486063.6,46851.4],[486066.1,46850.2],[486089.0,46840.3],[486115.7,46833.2],[486156.0,46829.0],[486180.1,46825.9],[486196.0,46822.9],[486228.6,46797.2],[486209.1,46776.3],[486190.6,46755.8],[486180.4,46731.8],[486183.8,46718.0],[486190.0,46698.1],[486204.9,46678.9],[486243.8,46631.4],[486287.9,46607.1]]]}},{"type":"Feature","properties":{"parcel":"3005/5","area_m2":1931,"e":486169.68,"n":46667.21},"geometry":{"type":"Polygon","coordinates":[[[486143.9,46647.9],[486151.0,46642.1],[486158.2,46637.1],[486159.2,46636.3],[486181.8,46657.3],[486204.9,46678.9],[486190.0,46698.1],[486161.4,46677.6],[486134.5,46655.7],[486143.9,46647.9]]]}},{"type":"Feature","properties":{"parcel":"3008","area_m2":1259,"e":486145.32,"n":46675.2},"geometry":{"type":"Polygon","coordinates":[[[486130.6,46660.9],[486134.5,46655.7],[486161.4,46677.6],[486190.0,46698.1],[486183.8,46718.0],[486125.0,46667.7],[486130.6,46660.9]]]}},{"type":"Feature","properties":{"parcel":"3009","area_m2":1061,"e":486138.54,"n":46687.77},"geometry":{"type":"Polygon","coordinates":[[[486125.0,46667.7],[486183.8,46718.0],[486180.4,46731.8],[486118.0,46678.4],[486125.0,46667.7]]]}},{"type":"Feature","properties":{"parcel":"2775/3","area_m2":539,"e":486212.34,"n":46702.74},"geometry":{"type":"Polygon","coordinates":[[[486226.1,46689.5],[486209,46724.2],[486198.6,46712.3],[486203.0,46698.0],[486218.5,46681.2],[486226.1,46689.5]]]}},{"type":"Feature","properties":{"parcel":"3100","area_m2":1557,"e":486167.14,"n":46745.39},"geometry":{"type":"Polygon","coordinates":[[[486115.6,46696.2],[486190.6,46755.8],[486209.1,46776.3],[486207.3,46779.1],[486146.1,46740.0],[486105.8,46708.1],[486115.6,46696.2]]]}},{"type":"Feature","properties":{"parcel":"2775/2","area_m2":205,"e":486201.78,"n":46724.32},"geometry":{"type":"Polygon","coordinates":[[[486209,46724.2],[486202.3,46736.3],[486194.7,46729.4],[486194.6,46720.2],[486198.6,46712.3],[486209,46724.2]]]}},{"type":"Feature","properties":{"parcel":"3096","area_m2":3320,"e":486122.74,"n":46811.71},"geometry":{"type":"Polygon","coordinates":[[[486049.5,46726.7],[486061.5,46718.5],[486076.3,46740.9],[486108.7,46785.8],[486124.1,46779.5],[486156.0,46829.0],[486115.7,46833.2],[486108.7,46823.3],[486075.8,46773.2],[486049.5,46726.7]]]}},{"type":"Feature","properties":{"parcel":"2775/1","area_m2":90,"e":486198.02,"n":46738.7},"geometry":{"type":"Polygon","coordinates":[[[486202.3,46736.3],[486195.6,46750.6],[486194.7,46729.4],[486202.3,46736.3]]]}},{"type":"Feature","properties":{"parcel":"2774/2","area_m2":935,"e":486226.86,"n":46768.84},"geometry":{"type":"Polygon","coordinates":[[[486202.3,46736.3],[486251.2,46782.7],[486249.1,46794.2],[486240.6,46788.8],[486195.6,46750.6],[486202.3,46736.3]]]}},{"type":"Feature","properties":{"parcel":"3101","area_m2":3751,"e":486182.28,"n":46782.98},"geometry":{"type":"Polygon","coordinates":[[[486135.9,46763.6],[486146.1,46740.0],[486207.3,46779.1],[486209.1,46776.3],[486228.6,46797.2],[486196.0,46822.9],[486180.1,46825.9],[486140.2,46769.5],[486135.9,46763.6]]]}},{"type":"Feature","properties":{"parcel":"3102","area_m2":1248,"e":486155.63,"n":46810.4},"geometry":{"type":"Polygon","coordinates":[[[486140.2,46769.5],[486180.1,46825.9],[486156.0,46829.0],[486124.1,46779.5],[486140.2,46769.5]]]}},{"type":"Feature","properties":{"parcel":"3157","area_m2":852,"e":486208.4,"n":46834.39},"geometry":{"type":"Polygon","coordinates":[[[486203.6,46831.1],[486228.8,46813.3],[486231.8,46837.8],[486203.2,46855.5],[486185.0,46835.0],[486203.6,46831.1]]]}},{"type":"Feature","properties":{"parcel":"3154/2","area_m2":234,"e":486194.89,"n":46853.23},"geometry":{"type":"Polygon","coordinates":[[[486185.0,46835.0],[486203.2,46855.5],[486194.2,46861.5],[486176.7,46836.9],[486185.0,46835.0]]]}},{"type":"Feature","properties":{"parcel":"3154/1","area_m2":234,"e":486182.41,"n":46851.87},"geometry":{"type":"Polygon","coordinates":[[[486176.7,46836.9],[486194.2,46861.5],[486185.1,46866.8],[486170.6,46837.5],[486176.7,46836.9]]]}}]}